"priority","document","id","grade","page","categories","warnings","source_pdf","text"
"critical-review","3. Prevention or Delay of Diabetes and Associated Comorbidities Standards of Care in Diabetes—2025","3.15","A","7","Pregnancy and childbearing; Children and adolescents; Cardiovascular disease and BP/lipids; Insulin or high-risk glucose-lowering medication; Contraindications, warnings, and adverse effects; Diagnosis, screening, or numeric thresholds; Procedures, surgery, technology, or devices","very-long","guidelines-sources/ADA/2025/3. Prevention or Delay of Diabetes and Associated Comorbidities Standards of Care in Diabetes—2025.pdf","Teplizumab-mzwv infusion to delay the onset of symptomatic type 1 diabetes (stage 3) should be discussed with selected individuals aged ≥8 years with stage 2 type 1 diabetes.Treatment should be in a setting with appropriately trained personnel. B Teplizumab, a CD3-directed humanized monoclonal antibody engineered to have decreased Fc receptor binding, has been approved to delay the onset of stage 3 type 1 diabetes in people 8 years of age and older with stage 2 type 1 diabetes based in part on the results of a single trial in relatives of people with type 1 diabetes (121). In this study, 44 individuals were randomized to a 14-day course of teplizumab and 32 to placebo. The median time to stage 3 type 1 diabetes diagnosis was 48.4 months in the teplizumab group and 24.4 months in the placebo group. Type 1 diabetes was diagnosed in 19 (43%) participants who received teplizumab and 23 (72%) participants who received placebo (HR 0.41 [95% CI 0.22–0.78]). In prespecified analyses, the presence of HLA-DR4, absence of HLA-DR3, and absence of anti-zinc transporter 8 antibody predicted response to teplizumab (HR 0.20 [95% CI 09.0.45], 0.18 [0.07–0.45], and 0.07 [0.02–0.26], respectively). The most common adverse reactions were transient lymphopenia (73%) followed by rash (36%). Numerous clinical studies are being conducted to test methods for preventing or delaying the onset of stage 3 type 1 diabetes in those with evidence of autoimmunity without symptoms or for delaying loss of insulin secretory capacity after onset of stage 3, some with promising results (see ClinicalTrials.gov and TrialNet.org). References 1. Ziegler AG, Rewers M, Simell O, et al. Seroconversion to multiple islet autoantibodies and risk of progression to diabetes in children. JAMA 2013;309:2473–2479 2. Steck AK, Dong F, Taki I, et al. Continuous glucose monitoring predicts progression to diabetes in autoantibody positive children. J Clin Endocrinol Metab 2019;104:3337–3344 3. Ylescupidez A, Speake C, Pietropaolo SL, et al. OGTT metrics surpass continuous glucose monitoring data for T1D prediction in multipleautoantibody-positive individuals. J Clin Endocrinol Metab 2023;109:57–67 4. Phillip M, Achenbach P, Addala A, et al. Consensus guidance for monitoring individuals with islet autoantibody–positive pre-stage 3 type 1 diabetes. Diabetes Care 2024;47:1276–1298 5. Knowler WC, Barrett-Connor E, Fowler SE, et al. Reduction in the incidence of type 2 diabetes with lifestyle intervention or metformin. N Engl J Med 2002;346:393–403 6. Lindstr€ om J, Ilanne-Parikka P, Peltonen M, et al. Sustained reduction in the incidence of type 2 diabetes by lifestyle intervention: follow-up of the Finnish Diabetes Prevention Study. Lancet 2006; 368:1673–1679 7. Li G, Zhang P, Wang J, et al. Cardiovascular mortality, all-cause mortality, and diabetes incidence after lifestyle intervention for people with impaired glucose tolerance in the Da Qing Diabetes Prevention Study: a 23-year follow-up study. Lancet Diabetes Endocrinol 2014;2:474–480 8. Nathan DM, Bennett PH, Crandall JP, et al. Does diabetes prevention translate into reduced long-term vascular complications of diabetes? Diabetologia 2019;62:1319–1328 9. Gong Q, Zhang P,Wang J, et al. Morbidity and mortality after lifestyle intervention for people with impaired glucose tolerance: 30-year results of the Da Qing Diabetes Prevention Outcome Study. Lancet Diabetes Endocrinol 2019;7: 452–461 10. Knowler WC, Fowler SE, Hamman RF, et al. 10-year follow-up of diabetes incidence and weight loss in the Diabetes Prevention Program Outcomes Study. Lancet 2009;374:1677–1686 11. Diabetes Prevention Program Research Group. Long-term effects of lifestyle intervention or metformin on diabetes development and microvascular complications over 15-year follow-up: the Diabetes Prevention Program Outcomes Study. Lancet Diabetes Endocrinol 2015;3:866–875 12. Diabetes Prevention Program (DPP) Research Group. The Diabetes Prevention Program (DPP): description of lifestyle intervention. Diabetes Care 2002;25:2165–2171 13. Hamman RF, Wing RR, Edelstein SL, et al. Effect of weight loss with lifestyle intervention on risk of diabetes. Diabetes Care 2006;29:2102–2107 14. Goldberg RB, Orchard TJ, Crandall JP, et al. Effects of long-term metformin and lifestyle interventions on cardiovascular events in the Diabetes Prevention Program and its outcome study. Circulation 2022;145:1632–1641 15. Evert AB, Dennison M, Gardner CD, et al. Nutrition therapy for adults with diabetes or prediabetes: a consensus report. Diabetes Care 2019;42:731–754 16. U.S. Department of Agriculture and U.S. Department of Health and Human Services. Dietary Guidelines for Americans, 2020–2025. 9th Ed. Accessed 7 August 2024. Available from https://www.dietaryguidelines.gov/resources/ 2020-2025-dietary-guidelines-online-materials 17. Salas-Salvad o J, Guasch-Ferr e M, Lee CH, Estruch R, Clish CB, Ros E. Protective effects of the Mediterranean diet on type 2 diabetes and metabolic syndrome. J Nutr 2015;146:920s–927s 18. Estruch R, Ros E, Salas-Salvad o J, et al. Primary prevention of cardiovascular disease with a Mediterranean diet supplemented with extra-virgin olive oil or nuts. N Engl J Med 2018;378:e34 19. Stentz FB, Brewer A, Wan J, et al. Remission of pre-diabetes to normal glucose tolerance in obese adults with high protein versus high carbohydrate diet: randomized control trial. BMJ Open Diabetes Res Care 2016;4:e000258 20. Jardine MA, Kahleova H, Levin SM, Ali Z, Trapp CB, Barnard ND. Perspective: plant-based eating pattern for type 2 diabetes prevention and treatment: efficacy, mechanisms, and practical considerations. Adv Nutr 2021;12:2045–2055 21. Lee Y, Park K. Adherence to a vegetarian diet and diabetes risk: a systematic review and metaanalysis of observational studies. Nutrients 2017; 9:603 22. Qian F, Liu G, Hu FB, Bhupathiraju SN, Sun Q. Association between plant-based dietary patterns and risk of type 2 diabetes: a systematic review and meta-analysis. JAMA Intern Med 2019;179: 1335–1344 23. Esposito K, Chiodini P, Maiorino MI, Bellastella G, Panagiotakos D, Giugliano D. Which diet for prevention of type 2 diabetes? A metaanalysis of prospective studies. Endocrine 2014; 47:107–116 24. Yau JW, Thor SM, Ramadas A. Nutritional strategies in prediabetes: a scoping review of recent evidence. Nutrients 2020;12:2990 25. Ley SH, Hamdy O, Mohan V, Hu FB. Prevention and management of type 2 diabetes: dietary components and nutritional strategies. Lancet 2014;383:1999–2007 26. Parker AR, Byham-Gray L, Denmark R, Winkle PJ.The effect of medical nutrition therapy by a registered dietitian nutritionist in patients with prediabetes participating in a randomized controlled clinical research trial. J Acad Nutr Diet 2014;114:1739–1748 27. Fedewa MV, Gist NH, Evans EM, Dishman RK. Exercise and insulin resistance in youth: a meta-analysis. Pediatrics 2014;133:e163–e174 28. Davis CL, Pollock NK,Waller JL, et al. Exercise dose and diabetes risk in overweight and obese children: a randomized controlled trial. JAMA 2012;308:1103–1112 29. Dai X, Zhai L, Chen Q, et al. Two-yearsupervised resistance training prevented diabetes incidence in people with prediabetes: a randomised control trial. Diabetes Metab Res Rev 2019;35:e3143 30. Thorp AA, Kingwell BA, Sethi P, Hammond L, Owen N, Dunstan DW. Alternating bouts of sitting and standing attenuate postprandial glucose responses. Med Sci Sports Exerc 2014;46:2053–2061 31. Russo LM, Nobles C, Ertel KA, Chasan-Taber L,Whitcomb BW. Physical activity interventions in pregnancy and risk of gestational diabetes mellitus: a systematic review and meta-analysis. Obstet Gynecol 2015;125:576–582 32. Henson J, Covenant A, Hall AP, et al. Waking up to the importance of sleep in type 2 diabetes management: a narrative review. Diabetes Care 2024;47:331–343 33. Davies MJ, Aroda VR, Collins BS, et al. Management of hyperglycemia in type 2 diabetes, 2022."
"critical-review","5. Facilitating Positive Health Behaviors and Well-being to Improve Health Outcomes Standards of Care in Diabetes2025","5.33","A","13","Acute emergency risk; CKD and renal dosing; Insulin or high-risk glucose-lowering medication; Contraindications, warnings, and adverse effects; Older adults, frailty, and deintensification; Diagnosis, screening, or numeric thresholds; Procedures, surgery, technology, or devices","very-long","guidelines-sources/ADA/2025/5. Facilitating Positive Health Behaviors and Well-being to Improve Health Outcomes Standards of Care in Diabetes2025.pdf","Assess and optimize treatment plan, dose, and timing for people with diabetes well in advance of religious fasting to reduce risk of hypoglycemia, dehydration, hyperglycemia, and/or ketoacidosis. B Although intermittent fasting and timerestricted eating are specific dietary strategies for energy restriction, religious fasting has been practiced for thousands of years and is part of many faith-based traditions. Duration, frequency, and type of fast vary among different religions (226). For example, Jewish people abstain from any intake for 25 h during Yom Kippur (227,228). For Muslims, Ramadan fasting lasts for a full month, when abstinence from any food or drink is required from dawn to dusk (229). Individuals with diabetes who fast have an increased risk for hypoglycemia, dehydration, hyperglycemia, and ketoacidosis (230,231). Prefasting risk assessment is essential to increase level of safety (230,231). Various risk factors need to be considered for every individual wishing to fast. Some of these factors are related to the type of fast, type of diabetes, and/or the individual. Indeed, health care professionals should inquire about any religious fasting for people with diabetes and provide education and support to accommodate their choice. The number of days of fasting is an important factor to consider. In Ramadan fasting, a person fasts from dawn to dusk for a lunar month (29–30 days). It is important for the health care professional to comprehensively assess these risk factors well in advance of fasting date, as some of them are modifiable. Some of these factors are related to the nature of the fasting practice, others are related to diabetes, and others might be due to individual factors. The International Diabetes Federation along with Diabetes and Ramadan International Alliance adopted a risk calculator for the various risk factors (230,232). Several clinical studies from different countries have been published that assess the validity of the fasting risk score and the ease of use of it (232–235). The accumulation of these risk factors provides a risk score as low, moderate, or high (Table 5.4) (230). While the risks of different religious fasting practices may vary, this risk calculator provides some useful guidance for other religious fasting. Prefasting education regarding the importance of increasing the frequency of glucose monitoring for people wishing to fast is very important. The timing of glucose monitoring is also especially important, as the last few hours of fasting are frequently associated with approximately 50% of hypoglycemic events (236). Consequently, avoiding intense physical activity during the last few hours of fasting seems to be a sensible approach. During religious fasting, some people change their nutrition habits and overindulge after fasting concludes. In many communities, the meal consumed to break the fast is rich in carbohydrates and includes foods and beverages high in added sugars and fat (230). Indeed, in a recent study in type 2 diabetes, 16.5% of people with diabetes who fasted for Ramadan reported high blood glucose of >300 mg/dL (>16.6 mmol/L) during fasting days (236). Individualized fluid adjustment and meal advice should be provided with emphasis on higher intake of fiber and replacing added sugars with complex carbohydrates to minimize hypoglycemia and hyperglycemia and emphasis on sustaining adequate daily fluid intake (237). Treatment before and after fasting should be culturally sensitive and individualized. Specific recommendations for diabetes management during religious fasting in different faiths are available (230,231). In general, for people planning to fast for long hours and for multiple consecutive days, choice of treatment should prioritize drugs with low hypoglycemia risk. Hypoglycemia risk while fasting in people using insulin, sulfonylureas, and other insulin secretagogues is higher than those treated with other types of diabetes medications (230). The safety of SGLT2 inhibitors was assessed in several studies during Ramadan fasting. These studies did not show significant change in kidney function, dehydration rates, or ketosis (238). Guidelines do not advise any change in SGLT2 inhibitor dose during fasting; however, they advise against initiating SGLT2 inhibitors close to the start of fasting days to avoid excessive thirst (230). Table 5.5 summarizes the effect of fasting on different treatment options and the possible change in doses or timing for people with diabetes. Technology could be an important tool to enhance safety during fasting. Several studies have investigated the use of monitoring technology during Ramadan fasting (e.g., flash glucose monitoring and realtime CGM [rtCGM]) and confirmed that these tools are able to support high-risk groups wishing to fast, especially if combined with Ramadan-focused education (238–240). Meanwhile, the use of insulin pumps has been associated with low rates of hypoglycemia during fasting in people with type 1 diabetes. Diabetes technologies should be considered as a useful adjunct to risk calculation and/or nutrition planning and education during religious fasting for people with diabetes (230). Malnutrition Malnutrition is defined by the World Health Organization as “deficiencies, excesses, or imbalances in a person’s intake of energy and/or nutrients.” Malnutrition can occur in people of varying weight status, with the “double burden” of obesity and malnutrition being increasingly recognized among those with chronic conditions. Malnutrition is also more likely to develop in populations experiencing poverty and in older age-groups (241). Often, malnutrition and sarcopenia, which is a condition of loss in lean body mass combined with declined strength and functionality among older adults, codevelop (242)."
"critical-review","5. Facilitating Positive Health Behaviors and Well-being to Improve Health Outcomes Standards of Care in Diabetes2025","5.9","A","2","Acute emergency risk; Children and adolescents; Contraindications, warnings, and adverse effects; Older adults, frailty, and deintensification; Diagnosis, screening, or numeric thresholds; Therapy substitution, access, or affordability; Procedures, surgery, technology, or devices","very-long","guidelines-sources/ADA/2025/5. Facilitating Positive Health Behaviors and Well-being to Improve Health Outcomes Standards of Care in Diabetes2025.pdf","Screen for and include social determinants of health in guiding design and delivery of DSMES C with the ultimate goal of health equity across all populations. The overall objectives of DSMES are to support informed decision-making, selfcare behaviors, problem-solving, and active collaboration with the health care team to improve clinical outcomes, health status, and well-being in a costeffective manner (2). DSMES services facilitate the knowledge, decision-making, and skills mastery necessary for optimal diabetes self-care and incorporate the needs, goals, and life experiences of the person with diabetes (9). When providing DSMES, health care professionals should consider the individual’s burden of treatment, level of self-efficacy for self-care behaviors, and degree of social and family support. Engagement in selfmanagement behaviors and subsequent clinical outcomes, health status, and quality of life, in addition to psychosocial factors affecting the person’s ability to self-manage, should be monitored routinely. A randomized controlled trial (RCT) that evaluated a decision-making education and skill-building program (10) showed that addressing these aims improved health outcomes in a population in need of health care resources. Furthermore, following a DSMES curriculum improves quality of care (11). Use of judgmental words is associated with increased feelings of shame and guilt; therefore, health care professionals should consider the impact language has on building therapeutic and productive relationships. Health care professionals should use positive, strength-based words and phrases putting people first (4). Please see Section 4, “Comprehensive Medical Evaluation and Assessment of Comorbidities,” for more on use of language. In accordance with the “2022 National Standards for Diabetes Self-Management Education and Support” (here referred to as the National Standards for DSMES) (9), all people with diabetes should participate in developmentally appropriate and culturally sensitive DSMES, as it helps people with diabetes identify and implement effective self-management strategies and coping skills (2). DSMES includes collaborative goal setting that improves empowerment, self-management, and quality of life as the person with diabetes encounters new challenges and as advances in treatment become available (12–14). Moreover, DSMES should be thought of as an ongoing process—not a one-time occurrence. The National Standards for DSMES (9) include delivery of content addressing: • Pathophysiology of diabetes and treatment options • Healthy coping • Healthy eating • Being active • Taking medication • Monitoring • Reducing risk (treating acute and chronic complications) • Problem solving and behavior change strategies In addition to providing DSMES upon diagnosis, there are additional critical time points when the need for DSMES should be evaluated by the health care professional and/or interprofessional team, with referrals made as needed (2): • Annually and/or when not meeting treatment goals, whichever is more frequent • When complicating factors (e.g., health conditions, physical or functional limitations, emotional factors, and basic living needs) that influence selfmanagement develop • When transitions in life and care occur DSMES empowers individuals with diabetes by providing them with tools to make informed self-management decisions (4). DSMES should be person-centered— placing the person with diabetes and their family and/or support system at the center of the care model as they work in collaboration with health care professionals. Person-centered care is respectful of and responsive to individual and cultural preferences, needs, and values. It ensures the values of the person with diabetes guide all decision-making (15). Evidence for the Benefits DSMES is associated with improved diabetes knowledge and self-care behaviors (16,17), lower A1C (16–21), lower self-reported weight (22), improved quality of life (23,24), reduced all-cause mortality risk (25), positive coping behaviors (5,26), and lower health care costs (27–29). DSMES is also associated with an increased use of primary care and preventive services (27,30) and less frequent use of acute care and inpatient hospital services (22). People with diabetes who participate in DSMES are more likely to follow best practice treatment recommendations, particularly those with Medicare, and have lower Medicare and insurance claim costs (28,30). Better outcomes were reported for DSMES interventions that were >10 h over the course of 6–12 months (19), included ongoing support (12,13,31), were culturally (30,32–34) and age appropriate (35,36), were tailored to individual needs and preferences, addressed psychosocial issues, and incorporated behavioral strategies (4,26, 37,38). Individual and group approaches are effective (22,39,40), with a slight benefit realized by those who engage in both (19). Strong evidence now exists for the benefits of telehealth, telemedicine, and telephone-based or internet-based (i.e., virtual) DSMES for diabetes prevention and management in a wide variety of populations and age-groups (9,41–44). When feasible, the best choice for delivery of DSMES is that which will align with individual preferences."
"critical-review","4. Comprehensive Medical Evaluation and Assessment of Comorbidities Standards of Care in Diabetes2025","4.17","A","12","Acute emergency risk; CKD and renal dosing; Cardiovascular disease and BP/lipids; Insulin or high-risk glucose-lowering medication; Contraindications, warnings, and adverse effects; Older adults, frailty, and deintensification","very-long","guidelines-sources/ADA/2025/4. Comprehensive Medical Evaluation and Assessment of Comorbidities Standards of Care in Diabetes2025.pdf","Assess for disability at the initial visit and for decline in function at each subsequent visit in people with diabetes. If a disability is impacting functional ability or capacity to manage their diabetes, a referral should be made to an appropriate health care professional specializing in disability (e.g., physical medicine and rehabilitation specialist, physical therapist, occupational therapist, or speechlanguage pathologist). C A disability is defined as a physical or mental impairment that substantially limits one or more major life activities of an individual (131,132). Activities of daily living (ADLs) and instrumental activities of daily living (IADLs) comprise basic and complex life care tasks, respectively. The capacity to accomplish such tasks serves as an important measure of function. Diabetes is associated with an increase in the risk of work and physical disability, with estimates of 50–80% increased risk of disability for people with diabetes compared with people without diabetes (133). Reviews have shown that lower-body functional limitation was the most prevalent disability (47–84%) among people with diabetes (134,135). In a systematic review and meta-analysis, the presence of diabetes increased the risk of mobility disability (15 studies; odds ratio [OR] 1.71 [95% CI 1.53–1.91]; RR 1.51 [95% CI 1.38–1.64]), of IADL disability (10 studies; OR 1.65 [95% CI 1.55–1.74]), and of ADL disability (16 studies; OR 1.82 [95% CI 1.63–2.04]; RR 1.82 [95% CI 1.40–2.36]) (133). The mechanisms underlying disability are multifactorial and include obesity, coronary artery disease, stroke, lower extremity complications, and physiological factors such as hyperglycemia, sarcopenia, inflammation, and insulin resistance (136). Diabetic peripheral neuropathy (DPN) is a common complication of both type 1 and 2 diabetes and may cause impaired postural balance and gait kinematics (137), leading to functional disability. DPN can be found in up to half of people with type 1 or type 2 diabetes, resulting in physical disability, and neuropathic pain, resulting in a diminished quality of life (138). Glycemic management prevents DPN development in type 1 diabetes; in contrast, glycemic management has modest or no benefit in individuals with type 2 diabetes, possibly due to the combined effect of coexisting comorbidities (138). People with lower-extremity involvement due to DPN have 3 times more risk of restricted mobility, resulting in people with DPN experiencing more physical dysfunctions and impairments than people who have diabetes but not neuropathy (139). Furthermore, DPN may progress to nontraumatic lower-limb amputation, which significantly impacts quality of life (140). In addition to complications of diabetes from microvascular conditions such as CKD, retinopathy, autonomic neuropathy, and peripheral neuropathy, it is important to recognize the disabilities caused by macrovascular complications of diabetes. These macrovascular complications, which include coronary heart disease, stroke, and peripheral arterial disease, can lead to further impairments (134). An assessment of disability should be performed as necessary with referrals made to appropriate health care professionals specializing in disability (e.g., physical medicine and rehabilitation physician, physical therapist, occupational therapist, or speech-language pathologist) (133,141, 142). Customized rehabilitation interventions for individuals with a disability from diabetes can recover function, allowing for safe physical activity (143), and improve quality of life (144). Additionally, frailty is commonly associated with diabetes, with progression to disability, morbidity, and mortality in older adults. People with diabetes as well as frailty or disability may contend with comorbid conditions such as hypoglycemia, sarcopenia, falls, and cognitive dysfunction. A thorough medical evaluation is imperative to identify the best approaches to preventative and therapeutic interventions for frailty and diabetes management (145). To assess the impact of diabetes on an individual’s daily functioning, clinicians should consider evaluating their ability to perform ADLs and IADLs, ensuring they can manage basic self-care and more complex tasks necessary for specific living situations, services, and supports."
"critical-review","5. Facilitating Positive Health Behaviors and Well-being to Improve Health Outcomes Standards of Care in Diabetes2025","5.61","A","28","Pregnancy and childbearing; Children and adolescents; Cardiovascular disease and BP/lipids; Insulin or high-risk glucose-lowering medication; Contraindications, warnings, and adverse effects; Diagnosis, screening, or numeric thresholds","very-long","guidelines-sources/ADA/2025/5. Facilitating Positive Health Behaviors and Well-being to Improve Health Outcomes Standards of Care in Diabetes2025.pdf","Counsel people with diabetes to practice sleep-promoting routines and habits. A The associations between sleep problems and diabetes are complex: sleep disorders are a risk factor for developing type 2 diabetes (498,499) and possibly gestational diabetes mellitus (500). People with diabetes across the life span often experience sleep disruptions and reduced sleep quality (501,502), and sleep problems are also common in parents of youth with diabetes, especially soon after diagnosis (503,504). Disrupted sleep and sleep disorders, including obstructive sleep apnea (OSA) (505), insomnia, and sleep disturbances (506), are common among people with diabetes. In type 1 diabetes, estimates of poor sleep range from 30% to 50% (507), and estimates of moderate to severe OSA are >50% (505). In type 2 diabetes, 24–86% of people are estimated to have OSA (508), 39% to have insomnia, and 8–45% to have restless leg syndrome (i.e., an uncontrollable urge to move legs) (509). Further, people with type 2 diabetes and restless leg syndrome are more likely to experience microvascular and macrovascular complications (510) as well as depression (511). Additionally, people with diabetes who perform shift work increase their risk for circadian rhythm disorders, which are associated with higher A1C (512), neuropathy (513), and decreased psychological well-being (513). Health care professionals should consider a comprehensive evaluation of the daily lifestyles of people with diabetes to decrease risk factors, including low sleep duration, shift work, and days off, given their associations with hyperglycemia, hypertension, dyslipidemia, and weight gain (514). The high prevalence of OSA in people with diabetes poses significant clinical implications for diabetes management. Sleep fragmentation and hypoxemia activate the sympathetic nervous system, contributing to hyperglycemia, insulin resistance, increased circulating free fatty acids, impaired microcirculation, oxidative stress, and psychological stress (515)."
"critical-review","9. Pharmacologic Approaches to Glycemic Treatment","9.30","E","16","Acute emergency risk; CKD and renal dosing; Cardiovascular disease and BP/lipids; Insulin or high-risk glucose-lowering medication; Contraindications, warnings, and adverse effects; Therapy substitution, access, or affordability","","guidelines-sources/ADA/2025/9. Pharmacologic Approaches to Glycemic Treatment.pdf","In adults with diabetes and cost-related barriers, consider use of lower-cost medications for glycemic management (i.e., metformin, sulfonylureas, thiazolidinediones, and human insulin) within the context of their risks for hypoglycemia, weight gain, cardiovascular and kidney events, and other adverse effects."
"critical-review","10. Cardiovascular Disease and Risk Management","10.42a","A","16","Acute emergency risk; CKD and renal dosing; Cardiovascular disease and BP/lipids; Insulin or high-risk glucose-lowering medication; Contraindications, warnings, and adverse effects","","guidelines-sources/ADA/2025/10. Cardiovascular Disease and Risk Management.pdf","In people with type 2 diabetes and established ASCVD, multiple ASCVD risk factors, or chronic kidney disease (CKD), an SGLT2 inhibitor with demonstrated cardiovascular benefit is recommended to reduce the risk of major adverse cardiovascular events and/or heart failure hospitalization."
"critical-review","9. Pharmacologic Approaches to Glycemic Treatment","9.8","E","7","Acute emergency risk; CKD and renal dosing; Cardiovascular disease and BP/lipids; Contraindications, warnings, and adverse effects; Therapy substitution, access, or affordability","missing-spaces","guidelines-sources/ADA/2025/9. Pharmacologic Approaches to Glycemic Treatment.pdf","A person-centered shared decisionmaking approach should guide the choice of glucose-lowering medications for adults with type 2 diabetes. Use medications that provide sufficient effectiveness to achieve and maintain intended treatment goals with consideration of the effects on cardiovascular, kidney, weight, and other relevant comorbidities; hypoglycemia risk; cost and access; risk for adverse reactions and tolerability; and individual preferences (Fig. 9.3 and Table 9.2)."
"critical-review","14. Children and Adolescents","14.69","A","12","Acute emergency risk; Children and adolescents; Insulin or high-risk glucose-lowering medication; Contraindications, warnings, and adverse effects; Procedures, surgery, technology, or devices","very-long","guidelines-sources/ADA/2025/14. Children and Adolescents.pdf","In individuals initially treated with insulin and metformin and/or other glucose-lowering medications who are meeting glucose goals based on blood glucose monitoring or CGM, insulin can be tapered over 2–6 weeks by decreasing the insulin dose 10–30% every few days. B Treatment of youth-onset type 2 diabetes should include lifestyle management, DSMES, and pharmacologic treatment. Initial treatment of youth with obesity and diabetes must consider that diabetes type is often uncertain in the first few weeks of treatment due to overlap in presentation and that a substantial percentage of youth with type 2 diabetes will present with clinically significant ketoacidosis (194). Therefore, initial therapy should address the hyperglycemia and associated metabolic derangements irrespective of ultimate diabetes type, with adjustment of therapy once metabolic compensation has been established and subsequent information, such as islet autoantibody results, becomes available. Figure 14.1 provides an approach to the initial treatment of newonset diabetes in youth with overweight or obesity with clinical suspicion of type 2 diabetes. Glycemic goals should be individualized, taking into consideration the longterm health benefits of more stringent goals and risk for adverse effects, such as hypoglycemia."
"critical-review","14. Children and Adolescents","14.71","A","14","Children and adolescents; Cardiovascular disease and BP/lipids; Insulin or high-risk glucose-lowering medication; Contraindications, warnings, and adverse effects; Procedures, surgery, technology, or devices","very-long","guidelines-sources/ADA/2025/14. Children and Adolescents.pdf","Metabolic surgery should be performed only by an experienced surgeon working as part of a well-organized and engaged interprofessional team, including a surgeon, endocrinologist, registered dietitian nutritionist, behavioral health specialist, and nurse. A The results of weight loss and lifestyle interventions for obesity in children and adolescents have been disappointing, and treatment options as adjuncts to lifestyle therapy are limited. Recent U.S. Food and Drug Administration–approved medications for youth ages 12 years and older include phentermine and topiramate extendedrelease capsules and GLP-1 receptor agonists (211,215–217). Over the last decade, weight loss surgery has been increasingly performed in adolescents with obesity. Small retrospective analyses and a prospective multicenter, nonrandomized study suggest that bariatric or metabolic surgery have benefits in adolescents with obesity and type 2 diabetes like those observed in adults. Early follow-up studies indicate that adolescents experience similar degrees of weight loss compared with adults and even higher rates of type 2 diabetes and hypertension remission (218). A secondary data analysis from the Teen-Longitudinal Assessment of Bariatric Surgery (Teen-LABS) and TODAY studies suggests surgical treatment of adolescents with severe obesity and type 2 diabetes is associated with improved glycemia compared with the agents used in the TODAY study (219); however, no randomized trials have compared the effectiveness and safety of surgery with those of conventional treatment options in adolescents and particularly with the vertical sleeve gastrectomy, which is the most widely performed metabolic surgery in adolescents (220). The guidelines used as an indication for metabolic surgery in adolescents generally include class 2 obesity or higher (BMI >35 kg/m2 or >120% of 95th percentile for age and sex, whichever is lower, with comorbidities) or BMI >40 kg/m2 with or without comorbidities (221–227)."
"critical-review","15. Management of Diabetes in Pregnancy","15.25b","A","9","Pregnancy and childbearing; CKD and renal dosing; Cardiovascular disease and BP/lipids; Contraindications, warnings, and adverse effects; Diagnosis, screening, or numeric thresholds","very-long","guidelines-sources/ADA/2025/15. Management of Diabetes in Pregnancy.pdf","In most circumstances, lipidlowering medications should be stopped prior to conception and avoided in sexually active individuals of childbearing potential with diabetes who are not using reliable contraception. B In some circumstances (familial hypercholesterolemia, prior atherosclerotic cardiovascular disease event), statin therapy may be continued when the benefits outweigh risks. E In normal pregnancy, blood pressure is lower than in the nonpregnant state. The Chronic Hypertension and Pregnancy (CHAP) Trial Consortium’s RCT on treatment of mild chronic hypertension during pregnancy demonstrated that a blood pressure of 140/90 mmHg, as the threshold for initiation or titration of treatment, reduces the incidence of adverse pregnancy outcomes without compromising fetal growth (137). The CHAP Consortium’s study mitigates concerns about small-for-gestational-age birth weight. Attained mean ± SD blood pressure measurements in the treated versus untreated groups were systolic 129.5 ± 10.0 vs. 132.6 ± 10.1 mmHg (betweengroup difference 3.11 [95% CI 3.95 to 2.28]) and diastolic 79.1 ± 7.4 vs. 81.5 ± 8.0 mmHg ( 2.33 [95% CI 2.97 to 0.04]), respectively (137). Individuals with diabetes had an even better composite outcome score than those without diabetes (137). As a result of the CHAP study, ACOG issued a Practice Advisory recommending a blood pressure of 140/90 mmHg as the threshold for initiation or titration of medical therapy for chronic hypertension in pregnancy (138) rather than their previously recommended threshold of 160/110 mmHg (139). Data from the previously published Control of Hypertension in Pregnancy Study (CHIPS) supports a blood pressure goal of 110–135/85 mmHg to reduce the risk of unmanaged maternal hypertension and minimize impaired fetal growth (139–141). The 2015 study (140) excluded pregnancies complicated by preexisting diabetes, and only 6% of participants had GDM at enrollment. There was no difference in pregnancy loss, neonatal care, or other neonatal outcomes between the groups with tighter versus less tight management of hypertension (140). During pregnancy, treatment with ACE inhibitors and angiotensin receptor blockers is contraindicated because they may cause fetal renal dysplasia, oligohydramnios, pulmonary hypoplasia, and intrauterine growth restriction (30)."
"critical-review","14. Children and Adolescents","14.47","A","10","Children and adolescents; CKD and renal dosing; Cardiovascular disease and BP/lipids; Contraindications, warnings, and adverse effects; Therapy substitution, access, or affordability","","guidelines-sources/ADA/2025/14. Children and Adolescents.pdf","Programs that use retinal photography (with remote reading or use of a validated assessment tool) to improve access to diabetic retinopathy screening can be appropriate screening strategies for diabetic retinopathy. Such programs need to provide pathways for timely referral for a comprehensive eye examination when indicated. B Retinopathy (like albuminuria) most commonly occurs after the onset of puberty and after 5–10 years of diabetes duration (166). It is currently recognized that there is a low risk of development of visionthreatening retinal lesions prior to 12 years of age (167,168)."
"critical-review","2. Diagnosis and Classification of DM","2.17","A","13","Acute emergency risk; Insulin or high-risk glucose-lowering medication; Contraindications, warnings, and adverse effects; Older adults, frailty, and deintensification; Diagnosis, screening, or numeric thresholds","very-long","guidelines-sources/ADA/2025/2. Diagnosis and Classification of DM.pdf","Screen people for diabetes within 3–6 months following an episode of acute pancreatitis and annually thereafter. Screening for diabetes is recommended annually for people with chronic pancreatitis. E Pancreatic diabetes (also termed pancreatogenic diabetes or type 3c diabetes) includes both structural (e.g., destruction or removal of normal pancreatic tissue) and functional loss of glucose-normalizing insulin secretion in the context of exocrine pancreatic dysfunction and is commonly misdiagnosed as type 2 diabetes. The diverse set of etiologies includes pancreatitis (acute and chronic pancreatic inflammation and associated fibrosis leading to loss of functional exocrine and endocrine pancreatic function), trauma or pancreatectomy, neoplasia, cystic fibrosis (addressed later in this section), hemochromatosis, fibrocalculous pancreatopathy, rare genetic disorders, and idiopathic forms (2); as such, pancreatic diabetes is the preferred umbrella term (116). Acute (even a single bout) and chronic pancreatitis can lead to postpancreatitis diabetes mellitus (117)."
"critical-review","4. Comprehensive Medical Evaluation and Assessment of Comorbidities Standards of Care in Diabetes2025","4.21","A","14","CKD and renal dosing; Cardiovascular disease and BP/lipids; Contraindications, warnings, and adverse effects; Older adults, frailty, and deintensification; Diagnosis, screening, or numeric thresholds","very-long","guidelines-sources/ADA/2025/4. Comprehensive Medical Evaluation and Assessment of Comorbidities Standards of Care in Diabetes2025.pdf","In postmenopausal women with diabetes or prediabetes, screen for symptoms and/or signs of genitourinary syndrome of menopause, including vaginal dryness and dyspareunia. B Female sexual dysfunction (FSD) is common in women with diabetes. In an epidemiologic cross-sectional study of communityresiding middle-aged and older adults (57–85 years), women with diagnosed diabetes were less likely than men with diagnosed diabetes (adjusted OR 0.28 [95% CI 0.16–0.49]) and women without diabetes (0.63 [0.45–0.87]) to be sexually active (170). Older women with diabetes are as likely as men to have sexual problems but are significantly less likely to have discussed sex with a physician (170). While studies showing the association between diabetes and FSD are less conclusive than those in men, most have reported a higher prevalence of FSD in women with diabetes compared with women without diabetes (171). A meta-analysis found that sexual dysfunctions are more common in women with type 1 and type 2 diabetes (OR 2.27 and 2.49, respectively) than in women without diabetes (172). Reviews report a wide range of prevalence rates of sexual dysfunctions in women with diabetes. In women with type 1 diabetes, 16–85% (vs. 0–66% in women without diabetes) report problems with desire, 11–76% (vs. 0–41%) report problems with arousal, and 9–66% (vs. 0–39%) report problems with orgasm; 9–57% (vs. 0–28%) report problems with lubrication, and 7–61% (vs. 5–39%) report problems with pain. In women with type 2 diabetes, 70–82% (vs. 10–66% in women without diabetes) report problems with desire, 54–68% (vs. 3–41%) report problems with arousal, and 33–84% (vs. 2–39%) report problems with orgasm; 33–66% (vs. 4–28%) report problems with lubrication, and 33–46% (vs. 8–39%) report problems with pain (173). The Diabetes MILES (Management and Impact for Long-term Empowerment and Success) study examined the prevalence of sexual dysfunction in sexually active women with type 1 or type 2 diabetes and the associations between sexual dysfunction and clinical and psychological variables. Overall, 33% of women reported sexual dysfunction (type 1, 36.0%; type 2, 26.2%). The prevalence of specific FSDs according to diabetes type was decreased desire (type 1, 22%; type 2, 15%), decreased arousal (type 1, 9%; type 2, 11%), lubrication problems (type 1, 19%; type 2, 14%), and orgasmic dysfunction (type 1, 16%; type 2, 15%) (173). Medical comorbidities that are risk factors for FSD include hypertension, obesity, metabolic syndrome, smoking, and hyperlipidemia. Clinical factors for consideration include longer duration of diabetic retinopathy and neuropathy and individuals not meeting glycemic goals. The prevalence of FSD in women with end-stage kidney disease is 74% (174). In women with diabetes, social and psychological components play a major role in FSD. Depression, anxiety, and emotional adjustments to diabetes have been found to be associated with sexual dysfunctions in women with diabetes."
"critical-review","5. Facilitating Positive Health Behaviors and Well-being to Improve Health Outcomes Standards of Care in Diabetes2025","5.47","A","21","Acute emergency risk; Children and adolescents; Contraindications, warnings, and adverse effects; Diagnosis, screening, or numeric thresholds; Therapy substitution, access, or affordability","very-long","guidelines-sources/ADA/2025/5. Facilitating Positive Health Behaviors and Well-being to Improve Health Outcomes Standards of Care in Diabetes2025.pdf","Consider developmental factors and use age-appropriate validated tools for psychosocial screening in people with diabetes. E Please refer to the ADA position statement “Psychosocial Care for People With Diabetes” for a list of assessment tools and additional details (1) and the ADA Behavioral Health Toolkit for assessment questionnaires and surveys (professional. diabetes.org/meetings/behavioral-healthtoolkit). Throughout the Standards of Care, the broad term “behavioral health” is used to encompass both 1) health behavior engagement and relevant factors and 2) behavioral health concerns and care related to living with diabetes. Psychosocial factors, including environmental, social, family, behavioral, and emotional factors, influence living with diabetes and achieving optimal health outcomes. People with diabetes and their families or caregivers face complex, multifaceted challenges integrating diabetes care into daily life (356). Clinically significant behavioral health diagnoses are considerably more prevalent in people with diabetes than in those without (357,358). Psychosocial wellbeing is a critical component of diabetes care and self-management. Psychological and social problems can interfere with a person’s (359–361) or family’s (361) ability to perform diabetes care tasks and negatively affect health status. In addition to affecting a person’s ability to conduct selfmanagement, behavioral health diagnoses are associated with reduced short-term glycemic stability and increased mortality risk (358,362). Therefore, psychological symptoms, both clinical and subclinical, must be addressed. Diabetes health care professionals should routinely monitor and screen for psychosocial concerns in a timely and efficient manner and refer to appropriate services (363,364). Various health care professionals can contribute to psychosocial care based on training, experience, need, and availability (353,365,366). Ideally, qualified behavioral health professionals with specialized training and experience in diabetes should be integrated with or provide collaborative care as part of diabetes care teams (367,368). Referrals for in-depth assessment and treatment for psychosocial concerns should be made to such behavioral health professionals when indicated (369, 370). A systematic review and meta-analysis showed that psychosocial interventions modestly but significantly improved A1C and behavioral health outcomes (371). It should be noted that the association between the effects on A1C and behavioral health was limited, and no intervention characteristics predicted benefit on both outcomes. Cost analyses also have shown that behavioral health interventions are both effective and cost-effective approaches for the prevention of diabetes (372). Screening Health care teams and clinical practices should develop and implement psychosocial screening protocols to ensure routine monitoring of psychosocial well-being and to identify potential concerns among people with diabetes, following published guidance and recommendations (373–376). Topics to screen for may include, but are not limited to, attitudes about diabetes, expectations for treatment and outcomes (especially related to starting a new treatment or technology), general and diabetesrelated mood, stress, and/or quality of life (e.g., diabetes distress, depressive symptoms, anxiety symptoms, and fear of hypoglycemia), available resources (financial, social, family, and emotional), and/or psychiatric history. Given elevated rates of suicidality among people with diabetes (377,378), screening for suicidality may also be appropriate (379–381), similar to U.S. Preventive Services Task Force statements regarding screening for some adolescents and adults in the general population (382,383)."
"critical-review","12. Retinopathy, Neuropathy, and Foot Care","12.22","A","6","Cardiovascular disease and BP/lipids; Insulin or high-risk glucose-lowering medication; Contraindications, warnings, and adverse effects; Older adults, frailty, and deintensification; Procedures, surgery, technology, or devices","column-bleed; very-long","guidelines-sources/ADA/2025/12. Retinopathy, Neuropathy, and Foot Care.pdf","Gabapentinoids, serotoninnorepinephrine reuptake inhibitors, tricyclic antidepressants, and sodium channel blockers are recommended as initial pharmacologic treatments for neuropathic pain in diabetes. A Opioids, including tramadol and tapentadol, should not be used for neuropathic pain treatment in diabetes given the potential for adverse events. B Glycemic Management Near-normal glycemic management, implemented early in the course of diabetes, has been shown to effectively delay or prevent the development of DPN and CAN in people with type 1 diabetes (62–65). Although the evidence for the benefit of near-normal glycemic management is not as strong for type 2 diabetes, some studies have demonstrated a modest slowing of progression without reversal of neuronal loss (52,66). Specific glucose-lowering strategies may have different effects. In a post hoc analysis, participants, particularly men, in the Bypass Angioplasty Revascularization Investigation in Type 2 Diabetes (BARI 2D) trial treated with insulin sensitizers had a lower incidence of distal symmetric polyneuropathy over 4 years than those treated with insulin or sulfonylurea (67). Additionally, recent evidence from the Action to Control Cardiovascular Risk in Diabetes (ACCORD) trial showed benefit of intensive glucose and blood pressure management on the prevention of CAN in type 2 diabetes (68). Weight Management Obesity is consistently associated with neuropathy in cross-sectional and longitudinal studies (69). While obesity has been established as a risk factor for neuropathy, including in those with diabetes, treatments of obesity are less well studied. The Look AHEAD (Action for Health in Diabetes) randomized trial found that a lifestyle intervention primarily focused on dietary weight loss led to improvements in neuropathy symptoms but not neuropathy examination scores (53). Observational studies of metabolic surgery have also revealed improvements in neuropathy outcomes, but randomized trials are lacking (55,56).Weight loss medications have not been well studied to date with two negative trials (topiramate and exenatide). Trials investigating the impacts of exenatide and topiramate on DPN and CAN measurements led to no substantial weight loss (70,71). Exercise often leads to a small reduction in weight and may also have positive effects on diabetic neuropathy through other mechanisms. Two systematic reviews have shown that exercise interventions improve diabetic neuropathy outcomes, including symptoms, examination findings, balance, and functional assessments, but the strength of the evidence is low (72,73). Lipid Management Dyslipidemia is a key factor in the development of neuropathy in people with type 2 diabetes and may contribute to neuropathy risk in people with type 1 diabetes (74,75). Although the evidence for a relationship between lipids and neuropathy development has become increasingly clear in type 2 diabetes, the optimal therapeutic intervention has not been identified. Positive effects of physical activity, weight loss, and metabolic surgery have been reported in individuals with DPN, but use of conventional lipid-lowering pharmacotherapy (such as statins or fenofibrates) does not appear to be effective in treating or preventing DPN development (76). Blood Pressure Management There are multiple reasons for blood pressure management in people with diabetes, and neuropathy progression (especially in type 2 diabetes) has now been added to this list. Although data from many studies have supported the role of hypertension in the risk of neuropathy development, a meta-analysis of data from 14 countries in the International Prevalence and Treatment of Diabetes and Depression (INTERPRET-DD) study revealed hypertension as an independent risk factor for DPN development with an odds ratio of 1.58 (95% CI 1.18–2.12) (77). In the ACCORD trial, intensive blood pressure intervention also decreased CAN risk by 25% (68). Neuropathic Pain Neuropathic pain can be severe and can impact quality of life, affect sleep, limit mobility, and contribute to depression and anxiety (78). No compelling evidence exists in support of glycemic or lifestyle management as therapies for neuropathic pain in diabetes or prediabetes, which leaves only pharmaceutical interventions (79). A recent guideline by the American Academy of Neurology recommends that the initial treatment of pain should also focus on the concurrent treatment of both sleep and mood disorders because of increased frequency of these problems in individuals with DPN (80). Several pharmacologic therapies exist for treatment of pain in diabetes. The American Academy of Neurology (AAN) update suggested that gabapentinoids, serotonin-norepinephrine reuptake inhibitors (SNRIs), sodium channel blockers, and tricyclic antidepressants (TCAs) all could be considered in the treatment of pain in DPN (80). These AAN recommendations offer a supplement to a recent American Diabetes Association pain monograph (81). A head-to-head trial suggested therapeutic equivalency for TCAs, SNRIs, and gabapentinoids in the treatment of pain in DPN (82). The trial also supported the role of combination therapy over monotherapy for the treatment of pain in DPN. Gabapentinoids. Gabapentinoids include several calcium channel a2-d subunit ligands. Several high-quality and mediumquality studies support the role of pregabalin in treatment of pain in DPN. One high-quality study and many small studies support the role of gabapentin in the treatment of pain in DPN. Medium-quality studies suggest that mirogabalin has a small effect on pain in DPN (80). Adverse effects may be more severe in older individuals (83) and may be attenuated by lower starting doses and more gradual titration. SNRIs. SNRIs include duloxetine, venlafaxine, and desvenlafaxine, all selective SNRIs. Two high-quality studies and five medium-quality studies support the role of duloxetine in the treatment of pain in DPN."
"critical-review","13. Older Adults","13.3","A","2","Acute emergency risk; Cardiovascular disease and BP/lipids; Insulin or high-risk glucose-lowering medication; Older adults, frailty, and deintensification; Diagnosis, screening, or numeric thresholds","very-long","guidelines-sources/ADA/2025/13. Older Adults.pdf","Screening for early detection of mild cognitive impairment or dementia should be performed for adults 65 years of age or older at the initial visit, annually, and as appropriate. B Older adults with diabetes are at higher risk of cognitive decline and institutionalization (13,14). Presentation of cognitive impairment ranges from subtle executive dysfunction to memory loss to overt dementia. People with diabetes have higher incidences of all-cause dementia, Alzheimer disease, and vascular dementia than people without diabetes (15). Both hyperglycemia and hypoglycemia are associated with a decline in cognitive function (16–18), and longer duration of diabetes is associated with worsening cognitive function. A newly recognized clinical entity, diabetesrelated dementia, is emerging as distinct from Alzheimer disease and vascular dementia. Diabetes-related dementia is characterized by a slower progression of dementia, absence of typical neuroimaging findings, advanced age, elevated A1C levels, long duration of diabetes, high frequency of insulin use, frailty, sarcopenia, and dynapenia (loss of muscle strength not caused by neurologic or muscular diseases) (18). Ongoing studies are evaluating whether lifestyle interventions may help to maintain cognitive function in older adults (19). However, studies on diabetes prevention or intensive glycemic and blood pressure management have not demonstrated a reduction in cognitive decline (20,21)."
"critical-review","14. Children and Adolescents","14.24","B","7","Acute emergency risk; Children and adolescents; Insulin or high-risk glucose-lowering medication; Diagnosis, screening, or numeric thresholds; Procedures, surgery, technology, or devices","","guidelines-sources/ADA/2025/14. Children and Adolescents.pdf","Less stringent A1C goals (such as <7.5% [<58 mmol/mol]) may be appropriate for youth who cannot articulate symptoms of hypoglycemia; have hypoglycemia unawareness; lack advanced insulin delivery technology and/or CGM; cannot check blood glucose regularly; or have nonglycemic factors that increase A1C (e.g., high glycators)."
"critical-review","15. Management of Diabetes in Pregnancy","15.22","A","6","Acute emergency risk; Pregnancy and childbearing; Insulin or high-risk glucose-lowering medication; Contraindications, warnings, and adverse effects","very-long","guidelines-sources/ADA/2025/15. Management of Diabetes in Pregnancy.pdf","Metformin, when used to treat polycystic ovary syndrome and induce ovulation, should be discontinued by the end of the first trimester. A The management of pregnancies associated with diabetes includes appropriate nutrition, lifestyle and behavior management, physical activity goals, and pharmacotherapy to support the maternal, fetal, and placental needs and reach glycemic goals regardless of the diabetes type. Medical Nutrition Therapy In people with preexisting diabetes, glycemic goals are usually achieved through a combination of insulin administration and medical nutrition therapy. Because glycemic goals in pregnant individuals are stricter than in nonpregnant individuals, it is important that pregnant people with diabetes eat consistent amounts of carbohydrates to match their insulin dosage and to avoid hyperglycemia or hypoglycemia. Referral to an RDN is important to establish a food plan and insulin-tocarbohydrate ratio and determine weight gain goals. The quality of the carbohydrates should be evaluated."
"critical-review","6. Glycemic Goals and Hypoglycemia Standards of Care in Diabetes 2025","6.16","B","8","Acute emergency risk; Children and adolescents; Insulin or high-risk glucose-lowering medication; Contraindications, warnings, and adverse effects","","guidelines-sources/ADA/2025/6. Glycemic Goals and Hypoglycemia Standards of Care in Diabetes 2025.pdf","Glucagon should be prescribed for all individuals taking insulin or at high risk for hypoglycemia. A Family, caregivers, school personnel, and others providing support to these individuals should know its location and be educated on how to administer it. Glucagon preparations that do not have to be reconstituted are preferred."
"critical-review","9. Pharmacologic Approaches to Glycemic Treatment","9.14","B","7","Acute emergency risk; CKD and renal dosing; Cardiovascular disease and BP/lipids; Insulin or high-risk glucose-lowering medication","","guidelines-sources/ADA/2025/9. Pharmacologic Approaches to Glycemic Treatment.pdf","In adults with type 2 diabetes and advanced CKD (eGFR <30 mL/min/1.73 m2 ), a GLP-1 RA is preferred for glycemic management due to lower risk of hypoglycemia and for cardiovascular event reduction."
"critical-review","9. Pharmacologic Approaches to Glycemic Treatment","9.28","B","16","Acute emergency risk; Children and adolescents; Insulin or high-risk glucose-lowering medication; Contraindications, warnings, and adverse effects","","guidelines-sources/ADA/2025/9. Pharmacologic Approaches to Glycemic Treatment.pdf","Glucagon should be prescribed for all individuals requiring intensive insulin therapy or at high risk for hypoglycemia. Family, caregivers, school personnel, and others providing support to these individuals should know its location and be educated on how to administer it. Glucagon preparations that do not require reconstitution are preferred."
"critical-review","10. Cardiovascular Disease and Risk Management","10.42","A","16","Acute emergency risk; CKD and renal dosing; Cardiovascular disease and BP/lipids; Insulin or high-risk glucose-lowering medication","","guidelines-sources/ADA/2025/10. Cardiovascular Disease and Risk Management.pdf","Among people with type 2 diabetes who have established ASCVD or established kidney disease, a sodium– glucose cotransporter 2 (SGLT2) inhibitor or glucagon-like peptide 1 receptor agonist (GLP-1 RA) with demonstrated cardiovascular disease benefit is recommended as part of the comprehensive cardiovascular risk reduction and/or glucose-lowering treatment plans."
"critical-review","10. Cardiovascular Disease and Risk Management","10.42c","A","16","CKD and renal dosing; Cardiovascular disease and BP/lipids; Insulin or high-risk glucose-lowering medication; Contraindications, warnings, and adverse effects","","guidelines-sources/ADA/2025/10. Cardiovascular Disease and Risk Management.pdf","In people with type 2 diabetes and established ASCVD or multiple risk factors for ASCVD, combined therapy with an SGLT2 inhibitor with demonstrated cardiovascular benefit and a GLP-1 RA with demonstrated cardiovascular benefit may be considered for additive reduction of the risk of adverse cardiovascular and kidney events."
"critical-review","14. Children and Adolescents","14.43","B","10","Children and adolescents; CKD and renal dosing; Cardiovascular disease and BP/lipids; Contraindications, warnings, and adverse effects","","guidelines-sources/ADA/2025/14. Children and Adolescents.pdf","Annual screening for albuminuria with a random (morning sample preferred to avoid effects of exercise) spot urine sample for albuminto-creatinine ratio should be considered at puberty or at age >10 years, whichever is earlier, once the youth has had diabetes for 5 years."
"critical-review","5. Facilitating Positive Health Behaviors and Well-being to Improve Health Outcomes Standards of Care in Diabetes2025","5.55","A","26","Acute emergency risk; Children and adolescents; Insulin or high-risk glucose-lowering medication; Diagnosis, screening, or numeric thresholds","very-long","guidelines-sources/ADA/2025/5. Facilitating Positive Health Behaviors and Well-being to Improve Health Outcomes Standards of Care in Diabetes2025.pdf","Consider reevaluating the treatment plan of people with diabetes who present with symptoms of disordered eating behavior, an eating disorder, or disrupted patterns of eating, in consultation with a qualified professional. Key qualifications include familiarity with diabetes disease physiology, treatments for diabetes and disordered eating behaviors, and weight-related and psychological risk factors for disordered eating behaviors. B Estimated prevalence of disordered eating behavior and diagnosable eating disorders in people with diabetes varies (457–459) (see Tables 5.7 and 5.8). People with type 1 diabetes have been found to be at greater risk for eating disorders than people without diabetes (460). Prevalence of intentional insulin omission to lose weight is 10% and more common among women than men with type 1 diabetes (460). In people with type 2 diabetes, bingeing (excessive food intake with an accompanying sense of loss of control) is most commonly reported. For people with type 2 diabetes treated with insulin, intentional omission is also frequently reported (461). People with diabetes and diagnosable eating disorders have high rates of comorbid psychiatric disorders (462). People with type 1 diabetes and eating disorders often have high rates of diabetes distress and fear of hypoglycemia (463). Diabetes care professionals should monitor for disordered eating behaviors using validated measures; diabetes-specific measures are recommended to assess presence of intentional insulin omission and were found in a meta-analysis to be more strongly associated with A1C (464). When evaluating symptoms of disordered or disrupted eating (when the individual exhibits eating behaviors that appear maladaptive but are not volitional, such as bingeing caused by loss of satiety cues), etiology and motivation for the behavior should be evaluated by a qualified disordered eating professional (465). Inconsistent intervention findings point to the need for treatment of eating disorders and disordered eating behavior in the context of the condition and its treatment. Recent intervention efforts have focused on preventing disordered eating behaviors among individuals with type 1 diabetes and on supporting parents of youth with type 1 diabetes who are at risk for disordered eating; however, more RCTs with longer-term follow-up are needed (466–468). Given the complexities of treating disordered eating behaviors and disrupted eating patterns in people with diabetes, it is recommended that interprofessional care teams include or collaborate with a health professional trained to identify and treat eating behaviors and with expertise in disordered eating and diabetes (469). Key qualifications for such professionals include familiarity with diabetes physiology, weight-related and psychological risk factors for disordered eating behaviors, and treatments for diabetes and disordered eating behaviors. More rigorous methods to identify underlying mechanisms of action that drive change in eating and treatment behaviors, as well as associated mental distress, are needed (470). Health care teams may consider the appropriateness of technology use among people with diabetes and disordered eating behaviors, although more research on the risks and benefits is needed (471). Caution should be taken in labeling individuals with diabetes as having a diagnosable psychiatric disorder, i.e., an eating disorder, when disordered or disrupted eating patterns are found to be associated with the disease and its treatment. In other words, patterns of maladaptive food intake that appear to have a psychological origin may be driven by physiologic disruption in hunger and satiety cues, metabolic perturbations, and/or secondary distress because of the individual’s inability to control their hunger and satiety (465). The use of incretin therapies, specifically GLP-1 RAs and potentially dual GIP and GLP-1 RAs, may have relevance to the treatment of disrupted or disordered eating (see Section 8, “Obesity and Weight Management for the Prevention and Treatment of Type 2 Diabetes”). These therapies work in the appetite and reward circuitries to modulate food intake, reducing uncontrollable hunger and overeating (472)."
"critical-review","8. Obesity and Weight Management for the Prevention and Treatment of Type 2 Diabetes","8.6","A","2","CKD and renal dosing; Cardiovascular disease and BP/lipids; Insulin or high-risk glucose-lowering medication; Procedures, surgery, technology, or devices","very-long","guidelines-sources/ADA/2025/8. Obesity and Weight Management for the Prevention and Treatment of Type 2 Diabetes.pdf","Individualize initial treatment approaches for obesity (i.e., lifestyle and nutritional therapy, pharmacologic agents, or metabolic surgery) A based on the person’s medical history, life circumstances, preferences, and motivation. C Consider combining treatment approaches if appropriate. E Obesity is defined by the World Health Organization as an abnormal or excessive fat accumulation that presents a risk to health (25). BMI (calculated as weight in kilograms divided by the square of height in meters [kg/m2 ]) has been used widely to diagnose and stage obesity (overweight: BMI 25–29.9 kg/m2 ; obesity class I: BMI 30–34.9 kg/m2 ; obesity class II: BMI 35–39.9 kg/m2 ; obesity class III: BMI ≥40 kg/m2 ); however, BMI should not be relied on as a sole diagnostic and staging tool (19). Despite its ease of measurement, BMI is at most an imperfect measure of adipose tissue mass and does not measure adipose tissue distribution or function, and it does not factor in the presence of weight-related health or well-being consequences (26,27). BMI is especially prone to misclassification in individuals who are very muscular or frail and in populations with different body composition and cardiometabolic risk (28). A diagnosis of obesity should be made based on an overall assessment of the individual’s adipose tissue mass (BMI can be used as a general guide), distribution (using other anthropometric measurements, like waist circumference, waist-to-hip circumference ratio, or waistto-height ratio), or function and, importantly, the presence of associated health or well-being consequences: metabolic, physical, or psychological (29). Obesity is a key pathophysiologic driver of diabetes, other cardiovascular risk factors (e.g., hypertension, hyperlipidemia, metabolic dysfunction–associated steatotic liver disease [MASLD], and inflammatory state), and ultimately cardiovascular and kidney disease (30). Diabetes can further exacerbate obesity, including through the use of glucose-lowering therapies that lead to weight gain (e.g., insulin, sulfonylurea, and pioglitazone), and obesity can exacerbate hyperglycemia and diabetes, thereby setting up a vicious cycle that contributes to disease progression and occurrence of microvascular and macrovascular complications. As such, treatment goals for both glycemia and weight are recommended in people with diabetes to address both hyperglycemia and its underlying pathophysiologic driver (obesity) and therefore benefit the person holistically. Weight stigma, fat bias, and anti-fat bias are ways to describe the bias toward people living in larger bodies. Fat bias is prevalent among health care professionals and the general public. Health care professionals are strongly encouraged to increase their awareness of implicit and explicit weight-biased attitudes (31). Increasing empathy and understanding about the complexity of weight management among health care professionals is a useful avenue to help reduce weight bias (32)."
"critical-review","8. Obesity and Weight Management for the Prevention and Treatment of Type 2 Diabetes Standards of Care in Diabetes 2025","8.6","A","2","CKD and renal dosing; Cardiovascular disease and BP/lipids; Insulin or high-risk glucose-lowering medication; Procedures, surgery, technology, or devices","very-long","guidelines-sources/ADA/2025/8. Obesity and Weight Management for the Prevention and Treatment of Type 2 Diabetes  Standards of Care in Diabetes 2025.pdf","Individualize initial treatment approaches for obesity (i.e., lifestyle and nutritional therapy, pharmacologic agents, or metabolic surgery) A based on the person’s medical history, life circumstances, preferences, and motivation. C Consider combining treatment approaches if appropriate. E Obesity is defined by the World Health Organization as an abnormal or excessive fat accumulation that presents a risk to health (25). BMI (calculated as weight in kilograms divided by the square of height in meters [kg/m2 ]) has been used widely to diagnose and stage obesity (overweight: BMI 25–29.9 kg/m2 ; obesity class I: BMI 30–34.9 kg/m2 ; obesity class II: BMI 35–39.9 kg/m2 ; obesity class III: BMI ≥40 kg/m2 ); however, BMI should not be relied on as a sole diagnostic and staging tool (19). Despite its ease of measurement, BMI is at most an imperfect measure of adipose tissue mass and does not measure adipose tissue distribution or function, and it does not factor in the presence of weight-related health or well-being consequences (26,27). BMI is especially prone to misclassification in individuals who are very muscular or frail and in populations with different body composition and cardiometabolic risk (28). A diagnosis of obesity should be made based on an overall assessment of the individual’s adipose tissue mass (BMI can be used as a general guide), distribution (using other anthropometric measurements, like waist circumference, waist-to-hip circumference ratio, or waistto-height ratio), or function and, importantly, the presence of associated health or well-being consequences: metabolic, physical, or psychological (29). Obesity is a key pathophysiologic driver of diabetes, other cardiovascular risk factors (e.g., hypertension, hyperlipidemia, metabolic dysfunction–associated steatotic liver disease [MASLD], and inflammatory state), and ultimately cardiovascular and kidney disease (30). Diabetes can further exacerbate obesity, including through the use of glucose-lowering therapies that lead to weight gain (e.g., insulin, sulfonylurea, and pioglitazone), and obesity can exacerbate hyperglycemia and diabetes, thereby setting up a vicious cycle that contributes to disease progression and occurrence of microvascular and macrovascular complications. As such, treatment goals for both glycemia and weight are recommended in people with diabetes to address both hyperglycemia and its underlying pathophysiologic driver (obesity) and therefore benefit the person holistically. Weight stigma, fat bias, and anti-fat bias are ways to describe the bias toward people living in larger bodies. Fat bias is prevalent among health care professionals and the general public. Health care professionals are strongly encouraged to increase their awareness of implicit and explicit weight-biased attitudes (31). Increasing empathy and understanding about the complexity of weight management among health care professionals is a useful avenue to help reduce weight bias (32)."
"critical-review","9. Pharmacologic Approaches to Glycemic Treatment","9.33","A","17","Acute emergency risk; Insulin or high-risk glucose-lowering medication; Contraindications, warnings, and adverse effects; Therapy substitution, access, or affordability","very-long","guidelines-sources/ADA/2025/9. Pharmacologic Approaches to Glycemic Treatment.pdf","Educate individuals with diabetes who are at risk for developing diabetic ketoacidosis and/or follow a ketogenic eating pattern and who are treated with SGLT inhibitors on the risks and signs of ketoacidosis and methods of risk mitigation management, and provide them with appropriate tools for accurate ketone measurement (i.e., serum b-hydroxybutyrate). E Therapeutic Strategies With Medication Unavailability Health care professionals and people with diabetes struggle when medication supplies are insufficient to meet the demand. Recent examples of such circumstances include recalls involving a number of metformin products and the marked increase in demand for agents from the GLP-1 RA and dual GIP and GLP-1 RA classes. The latter circumstance led to such a low level of availability that products were determined by the FDA to be in shortage (204). To assist with supply of medications during the time they are in shortage (as signaled by their inclusion on the FDA Drug Shortages Database), compounding pharmacies and outsourcing compounding facilities are allowed to make copies, or products that are essentially duplicates of the marketed FDA-approved product (205)."
"critical-review","10. Cardiovascular Disease and Risk Management","10.34","A","14","CKD and renal dosing; Cardiovascular disease and BP/lipids; Contraindications, warnings, and adverse effects; Diagnosis, screening, or numeric thresholds","very-long","guidelines-sources/ADA/2025/10. Cardiovascular Disease and Risk Management.pdf","Statin plus niacin combination therapy has not been shown to provide additional cardiovascular benefit above statin therapy alone, may increase the risk of stroke with additional side effects, and is generally not recommended. A Statin and Fibrate Combination Therapy Combination therapy (statin and fibrate) is associated with an increased risk for abnormal transaminase levels, myositis, and rhabdomyolysis. The risk of rhabdomyolysis is more common with higher doses of statins and renal insufficiency and appears to be higher when statins are combined with gemfibrozil (compared with fenofibrate) (158). In the ACCORD study, in people with type 2 diabetes who were at high risk for ASCVD, the combination of fenofibrate and simvastatin did not reduce the rate of fatal cardiovascular events, nonfatal MI, or nonfatal stroke compared with simvastatin alone. Prespecified subgroup analyses suggested heterogeneity in treatment effects with possible benefit for men with both a triglyceride level ≥204 mg/dL (≥2.3 mmol/L) and an HDL cholesterol level ≤34 mg/dL (≤0.9 mmol/L) (159). Statin and Niacin Combination Therapy Large clinical trials, including the Atherothrombosis Intervention in Metabolic Syndrome With Low HDL/High Triglycerides: Impact on Global Health Outcomes (AIM-HIGH) and Heart Protection Study 2– Treatment of HDL to Reduce the Incidence of Vascular Events (HPS2-THRIVE) trials, failed to demonstrate a benefit of adding niacin to individuals on appropriate statin therapy. In fact, there was a possible increased risk of ischemic stroke in the AIMHIGH trial (160) and an increased incidence of new-onset diabetes (absolute excess, 1.3 percentage points; P < 0.001) and disturbances in diabetes management among those with diabetes in the HPS2-THRIVE trial in those on combination therapy (161). Therefore, combination therapy with a statin and niacin is not recommended, given the lack of efficacy on major ASCVD outcomes and increased side effects. Diabetes Risk With Statin Use Several studies have reported a modestly increased risk of incident type 2 diabetes with statin use (162,163), which may be limited to those with diabetes risk factors. An analysis of one of the initial studies suggested that although statin use was associated with diabetes risk, the cardiovascular event rate reduction with statins far outweighed the risk of incident diabetes, even for individuals at highest risk for diabetes (164). The absolute risk increase was small (over 5 years of follow-up, 1.2% of participants on placebo developed diabetes and 1.5% on rosuvastatin developed diabetes) (164)."
"critical-review","12. Retinopathy, Neuropathy, and Foot Care","12.2","A","1","CKD and renal dosing; Cardiovascular disease and BP/lipids; Contraindications, warnings, and adverse effects; Diagnosis, screening, or numeric thresholds","very-long","guidelines-sources/ADA/2025/12. Retinopathy, Neuropathy, and Foot Care.pdf","Implement strategies to help people with diabetes reach blood pressure and lipid goals to reduce the risk or slow the progression of diabetic retinopathy. A Diabetic retinopathy is a highly specific neurovascular complication of both type 1 and type 2 diabetes, with prevalence strongly related to both the duration of diabetes and the level of glycemic management (1). Diabetic retinopathy is the most frequent cause of new cases of blindness among adults aged 20–74 years in developed countries. Glaucoma, cataracts, and other eye disorders occur earlier and more frequently in people with diabetes. In addition to diabetes duration, factors that increase the risk of, or are associated with, retinopathy include chronic hyperglycemia (2,3), nephropathy (4), hypertension (5), and dyslipidemia (6–8). Intensive diabetes management with the goal of achieving near-normoglycemia has been shown in large prospective randomized studies to prevent and/or delay the onset and progression of diabetic retinopathy, reduce the need for future ocular surgical procedures, and potentially improve self-reported visual function (2,6,9–11)."
"critical-review","14. Children and Adolescents","14.108","A","17","Acute emergency risk; Children and adolescents; Contraindications, warnings, and adverse effects; Therapy substitution, access, or affordability","very-long","guidelines-sources/ADA/2025/14. Children and Adolescents.pdf","Pediatric diabetes specialists should partner with youth with diabetes and their caregivers to engage in shared decision-making for the timing of transfer to an adult diabetes specialist. There is no age-specific cutoff for youth with diabetes to transfer to an adult diabetes specialist. E Care and close supervision of diabetes management are increasingly shifted from parents and other adults to the youth with type 1 or type 2 diabetes throughout childhood and adolescence.The shift from pediatric to adult health care professionals, however, often occurs abruptly as the older teen enters the next developmental stage, referred to as emerging adulthood (248), which is a critical period for young people who have diabetes. During this period of major life transitions, youth may begin to move out of their parents’ or caregivers’ homes and become increasingly responsible for their diabetes care. Their new responsibilities include self-management of their diabetes, making medical appointments, and financing health care once they are no longer covered by their parents’ health insurance plans (ongoing coverage until age 26 years is currently available under provisions of the U.S. Affordable Care Act). In addition to lapses in health care, this is also a period associated with deterioration in glycemic stability; increased occurrence of acute complications; psychosocial, emotional, and behavioral challenges; and the emergence of chronic complications (249,250). The transfer period from pediatric to adult care is prone to fragmentation in health care delivery, which may adversely impact health care quality, cost, and outcomes (251). Worsening diabetes health outcomes during the transition to adult care and early adulthood have been documented (252,253). Comprehensive and coordinated planning that begins in early adolescence is necessary to facilitate a seamless transition from pediatric to adult health care (249, 254). Research on effective interventions to promote successful transition to adult care is limited, although there are promising developments that may improve attendance at follow-up appointments and lower hospitalizations (255,256). Use of transition coordinators, technology to support communication with young adults, and other interventions may be useful in addressing the identified needs and preferences of young adults for transition (257) and in supporting successful establishment in adult care settings (258–261). Given the behavioral, psychosocial, and developmental factors that relate to this transition, diabetes care teams addressing transition should include physicians, certified diabetes care and education specialists, nurses, behavioral health professionals, registered dietitian nutritionists, and social workers (50,262). Resources to enhance social and peer support during the transition process may also be valuable (263)."
"critical-review","16. Diabetes Care in the Hospital","16.10","A","4","Acute emergency risk; Insulin or high-risk glucose-lowering medication; Contraindications, warnings, and adverse effects; Procedures, surgery, technology, or devices","hyphenation-fragments; very-long","guidelines-sources/ADA/2025/16. Diabetes Care in the Hospital.pdf","For most individuals, sole use of a correction or supplemental insulin without basal insulin (formerly referred to as a sliding scale) in the inpatient setting is discouraged. A Critical Care Setting Continuous intravenous insulin infusion is the most effective method for achieving specific glycemic goals and avoiding hypoglycemia in the critical care setting. Intravenous insulin infusions should be administered using validated written or computerized protocols that allow for predefined adjustments in the insulin infusion rate based on glycemic fluctuations and immediate past and current insulin infusion rates (52). For diabetic ketoacidosis (DKA) and hyperglycemic hyperosmolar state (HHS) management, continuous intravenous insulin infusion is given for correction of hyperglycemia, hyperketonemia, and acid-base disorder following a fixed-rate intravenous insulin infusion (53) or nurse-driven protocol with a variable rate based on glucose values (54). Individuals with mild and uncomplicated DKA can be managed with subcutaneous rapid-acting insulin doses given every 1–2 h (55). Noncritical Care Setting In most instances, insulin is the preferred treatment for hyperglycemia in hospitalized individuals. In certain circumstances, it may be appropriate to continue home oral glucose-lowering medications or initiate use of agents such as dipeptidyl peptidase 4 inhibitors (DPP-4i) (2,50). Several reports indicate that inpatient use of insulin pens is safe and may improve nurse satisfaction when safety protocols, including nursing education, are in place to guarantee single-person use (56–58). Outside of critical care units, scheduled subcutaneous insulin orders are recommended for the management of hyperglycemia in people with diabetes and hyperglycemia. Use of insulin analogs or human insulin results in similar glycemic outcomes in the hospital setting, but regular insulin may increase the risk of hypoglycemic events (59).The use of subcutaneous rapid- or short-acting insulin before meals, or every 4–6 h if no meals are given or if the individual is receiving continuous enteral or parenteral nutrition, is indicated to correct or prevent hyperglycemia. Basal insulin, or a basal plus bolus correction schedule, is the preferred treatment for noncritically ill hospitalized individuals with inadequate or restricted oral intake. An insulin schedule with basal, prandial, and correction components is the preferred treatment for most noncritically ill hospitalized people with diabetes with adequate nutritional intake. A randomized controlled trial has shown that basal plus bolus treatment improved glycemic outcomes and reduced hospital complications compared with a correction or supplemental insulin without basal insulin (formerly known as sliding scale) for people with type 2 diabetes admitted for general surgery (60). Prolonged use of correction or supplemental insulin without basal insulin is strongly discouraged in the inpatient setting, with the exception of that for people with type 2 diabetes in noncritical care with mild hyperglycemia or stress hyperglycemia (61,62). A prospective randomized inpatient study of 70/30 intermediate-acting (NPH)/ regular insulin mixture versus basalbolus therapy showed comparable glycemic outcomes but significantly increased hypoglycemia in the group receiving the insulin mixture (63). Therefore, insulin mixtures such as 75/25, 70/30, or 50/50 insulins are not routinely recommended for inhospital use. Data on the use of glargine U-300 and degludec U-100 or U-200 in the inpatient and perioperative settings are limited."
"critical-review","2. Diagnosis and Classification of DM","2.26b","B","16","Pregnancy and childbearing; Insulin or high-risk glucose-lowering medication; Contraindications, warnings, and adverse effects; Diagnosis, screening, or numeric thresholds","","guidelines-sources/ADA/2025/2. Diagnosis and Classification of DM.pdf","Before 15 weeks of gestation, screen for abnormal glucose metabolism to identify individuals who are at higher risk of adverse pregnancy and neonatal outcomes, are more likely to need insulin, and are at high risk of a later gestational diabetes mellitus (GDM) diagnosis."
"critical-review","4. Comprehensive Medical Evaluation and Assessment of Comorbidities Standards of Care in Diabetes2025","4.19","B","13","CKD and renal dosing; Cardiovascular disease and BP/lipids; Contraindications, warnings, and adverse effects; Diagnosis, screening, or numeric thresholds","","guidelines-sources/ADA/2025/4. Comprehensive Medical Evaluation and Assessment of Comorbidities Standards of Care in Diabetes2025.pdf","In men with diabetes or prediabetes, screen for ED, particularly in those with high cardiovascular risk, retinopathy, cardiovascular disease, chronic kidney disease, peripheral or autonomic neuropathy, longer duration of diabetes, depression, and hypogonadism, and in those who are not meeting glycemic goals."
"critical-review","5. Facilitating Positive Health Behaviors and Well-being to Improve Health Outcomes Standards of Care in Diabetes2025","5.26","E","6","Acute emergency risk; Insulin or high-risk glucose-lowering medication; Contraindications, warnings, and adverse effects; Diagnosis, screening, or numeric thresholds","","guidelines-sources/ADA/2025/5. Facilitating Positive Health Behaviors and Well-being to Improve Health Outcomes Standards of Care in Diabetes2025.pdf","Regardless of diabetes classification, individuals treated with sodium–glucose cotransporter 2 inhibitors should avoid a ketogenic eating pattern, be educated on the signs of ketoacidosis and methods of risk mitigation and provided with appropriate tools for accurate ketone measurement (i.e., serum b-hydroxybutyrate), and be instructed to avoid fasting and maintain appropriate insulin therapy."
"critical-review","7. Diabetes Technology Standards of Care in Diabetes 2025","7.26","A","9","Acute emergency risk; Children and adolescents; Insulin or high-risk glucose-lowering medication; Procedures, surgery, technology, or devices","","guidelines-sources/ADA/2025/7. Diabetes Technology Standards of Care in Diabetes 2025.pdf","AID systems should be the preferred insulin delivery method to improve glycemic outcomes and reduce hypoglycemia and disparities in youth and adults with type 1 diabetes A and other types of insulin-deficient diabetes E who are capable of using the device (either by themselves or with a caregiver). Choice of an AID system should be made based on the individual’s circumstances, preferences, and needs."
"critical-review","9. Pharmacologic Approaches to Glycemic Treatment","9.10","A","7","Acute emergency risk; Cardiovascular disease and BP/lipids; Insulin or high-risk glucose-lowering medication; Diagnosis, screening, or numeric thresholds","","guidelines-sources/ADA/2025/9. Pharmacologic Approaches to Glycemic Treatment.pdf","In adults with type 2 diabetes and established or high risk of atherosclerotic cardiovascular disease, the treatment plan should include medications with demonstrated benefits to reduce cardiovascular events (e.g., glucagon-like peptide 1 receptor agonist [GLP-1 RA] and/or sodium–glucose cotransporter 2 [SGLT2] inhibitor) for glycemic management and comprehensive cardiovascular risk reduction (irrespective of A1C) (Fig. 9.3 and Table 9.2)."
"critical-review","9. Pharmacologic Approaches to Glycemic Treatment","9.13","A","7","CKD and renal dosing; Cardiovascular disease and BP/lipids; Insulin or high-risk glucose-lowering medication; Diagnosis, screening, or numeric thresholds","","guidelines-sources/ADA/2025/9. Pharmacologic Approaches to Glycemic Treatment.pdf","In adults with type 2 diabetes who have CKD (with confirmed estimated glomerular filtration rate [eGFR] 20–60 mL/min/1.73 m2 and/or albuminuria), an SGLT2 inhibitor or GLP-1 RA with demonstrated benefit in this population should be used for both glycemic management (irrespective of A1C) and for slowing progression of CKD and reduction in cardiovascular events (Fig. 9.3). The glycemic benefits of SGLT2 inhibitors are reduced at eGFR <45 mL/min/1.73 m2 ."
"critical-review","14. Children and Adolescents","14.18","B","7","Acute emergency risk; Children and adolescents; Contraindications, warnings, and adverse effects; Procedures, surgery, technology, or devices","","guidelines-sources/ADA/2025/14. Children and Adolescents.pdf","All youth with type 1 diabetes should monitor glucose levels multiple times daily (up to 10 times/day by blood glucose meter or CGM), including prior to meals and snacks, at bedtime, and as needed for safety in specific situations such as physical activity, driving, or the presence of symptoms of hypoglycemia."
"critical-review","14. Children and Adolescents","14.36","B","9","Pregnancy and childbearing; Children and adolescents; Cardiovascular disease and BP/lipids; Diagnosis, screening, or numeric thresholds","","guidelines-sources/ADA/2025/14. Children and Adolescents.pdf","After excluding other causes, in addition to lifestyle modification, ACE inhibitors or angiotensin receptor blockers should be started for treatment of confirmed hypertension (defined as blood pressure consistently ≥95th percentile for age, sex, and height or, in adolescents aged ≥13 years, ≥130/80 mmHg). Due to the potential teratogenic effects, individuals of childbearing age should receive reproductive counseling, and ACE inhibitors and angiotensin receptor blockers should be avoided in individuals of childbearing age who are not using reliable contraception."
"critical-review","14. Children and Adolescents","14.41","B","9","Pregnancy and childbearing; Children and adolescents; Cardiovascular disease and BP/lipids; Diagnosis, screening, or numeric thresholds","","guidelines-sources/ADA/2025/14. Children and Adolescents.pdf","Consider age-approved statins, in addition to MNT and lifestyle changes, for youth with type 1 diabetes who have LDL cholesterol ≥130 mg/dL (≥3.4 mmol/L). E Individuals of childbearing age should receive reproductive counseling, and lipid-lowering medications should be avoided in most individuals of childbearing age who are not using reliable contraception."
"critical-review","14. Children and Adolescents","14.74","B","14","Pregnancy and childbearing; Children and adolescents; Cardiovascular disease and BP/lipids; Diagnosis, screening, or numeric thresholds","","guidelines-sources/ADA/2025/14. Children and Adolescents.pdf","In addition to lifestyle modification, ACE inhibitors or angiotensin receptor blockers should be started for treatment of confirmed hypertension (defined as blood pressure consistently ≥95th percentile for age, sex, and height or, in adolescents aged ≥13 years, ≥130/80 mmHg). Due to the potential teratogenic effects, individuals of childbearing age should receive reproductive counseling, and ACE inhibitors and angiotensin receptor blockers should be avoided in individuals of childbearing age who are not using reliable contraception."
"critical-review","4. Comprehensive Medical Evaluation and Assessment of Comorbidities Standards of Care in Diabetes2025","4.14","A","11","Acute emergency risk; Insulin or high-risk glucose-lowering medication; Older adults, frailty, and deintensification; Diagnosis, screening, or numeric thresholds","very-long","guidelines-sources/ADA/2025/4. Comprehensive Medical Evaluation and Assessment of Comorbidities Standards of Care in Diabetes2025.pdf","In the presence of cognitive impairment, diabetes treatment plans should be simplified as much as possible and tailored to minimize the risk of hypoglycemia. B Diabetes is associated with a significantly increased risk and rate of cognitive decline and an increased risk of dementia (104). A meta-analysis of prospective observational studies found that individuals with diabetes had a 43% higher risk of all types of dementia, a 43% higher risk of Alzheimer dementia, and a 91% higher risk of vascular dementia compared with individuals without diabetes (104). The reverse is also true: people with Alzheimer dementia are more likely to develop diabetes than people without Alzheimer dementia. In a 15-year prospective study of community-dwelling people >60 years of age, the presence of diabetes at baseline significantly increased the age-and sex-adjusted incidence of all-cause dementia, Alzheimer dementia, and vascular dementia compared with rates in those with normal glucose tolerance (105). A new clinical entity of diabetes-related dementia is being recognized as distinct from Alzheimer dementia or vascular dementia. It is characterized by slow progression of dementia, absence of typical neuroimaging findings seen in Alzheimer or vascular dementia, old age, high A1C levels, long duration of diabetes, high frequency of insulin use, frailty, and sarcopenia or dynapenia (106). See Section 13, “Older Adults,” for a more detailed discussion regarding assessment of cognitive impairment. Glycemic Status and Cognition In individuals with diabetes, higher A1C level is associated with lower cognitive function (107)."
"critical-review","6. Glycemic Goals and Hypoglycemia Standards of Care in Diabetes 2025","6.19","A","8","Acute emergency risk; Children and adolescents; Older adults, frailty, and deintensification; Diagnosis, screening, or numeric thresholds","","guidelines-sources/ADA/2025/6. Glycemic Goals and Hypoglycemia Standards of Care in Diabetes 2025.pdf","Regularly assess cognitive function; if impaired or declining cognition is found, the clinician, person with diabetes, and caregiver should increase vigilance for hypoglycemia. B Hypoglycemia Definitions and Event Rates Hypoglycemia is often the major limiting factor in the glycemic management of type 1 and type 2 diabetes. Recommendations regarding the classification of hypoglycemia are outlined in Table 6.4 (72). Level 1 hypoglycemia is defined as a measurable glucose concentration <70 mg/dL (<3.9 mmol/L) and ≥54 mg/dL (≥3.0 mmol/L)."
"critical-review","7. Diabetes Technology Standards of Care in Diabetes 2025","7.17","A","4","Insulin or high-risk glucose-lowering medication; Contraindications, warnings, and adverse effects; Therapy substitution, access, or affordability; Procedures, surgery, technology, or devices","","guidelines-sources/ADA/2025/7. Diabetes Technology Standards of Care in Diabetes 2025.pdf","In people with diabetes on insulin therapy, rtCGM devices should be used as close to daily as possible for maximal benefit. A isCGM devices should be scanned frequently, at minimum once every 8 h, to avoid gaps in data. A People with diabetes should have uninterrupted access to their supplies to minimize gaps in CGM."
"critical-review","7. Diabetes Technology Standards of Care in Diabetes 2025","7.32","C","13","Acute emergency risk; Insulin or high-risk glucose-lowering medication; Therapy substitution, access, or affordability; Procedures, surgery, technology, or devices","","guidelines-sources/ADA/2025/7. Diabetes Technology Standards of Care in Diabetes 2025.pdf","Continue use of insulin pump or AIDinpeoplewithdiabeteswhoarehospitalized when clinically appropriate, with confirmatory point-of-care blood glucose measurements for insulin dose decisions and hypoglycemia assessment and treatment. This is contingent upon availability of necessary supplies, resources, and training, ongoing competency assessments, and implementation of institutional diabetes technology protocols."
"critical-review","13. Older Adults","13.2","B","1","Acute emergency risk; Contraindications, warnings, and adverse effects; Older adults, frailty, and deintensification; Diagnosis, screening, or numeric thresholds","","guidelines-sources/ADA/2025/13. Older Adults.pdf","Screen at least annually for geriatric syndromes (e.g., cognitive impairment, depression, urinary incontinence, falls, persistent pain, and frailty), hypoglycemia, and polypharmacy in older adults with diabetes, as they may affect diabetes management and diminish quality of life."
"critical-review","13. Older Adults","13.6","B","3","Acute emergency risk; Insulin or high-risk glucose-lowering medication; Older adults, frailty, and deintensification; Procedures, surgery, technology, or devices","","guidelines-sources/ADA/2025/13. Older Adults.pdf","Offer CGM for older adults with type 2 diabetes on insulin therapy to improve glycemic outcomes and reduce hypoglycemia."
"critical-review","16. Diabetes Care in the Hospital","16.7","C","3","Acute emergency risk; Insulin or high-risk glucose-lowering medication; Therapy substitution, access, or affordability; Procedures, surgery, technology, or devices","","guidelines-sources/ADA/2025/16. Diabetes Care in the Hospital.pdf","Continue use of insulin pump or automated insulin delivery in people with diabetes who are hospitalized when clinically appropriate, with confirmatory POC blood glucose measurements for insulin dosing decisions and hypoglycemia assessment and treatment. This is contingent upon availability of necessary supplies, resources, and training, ongoing competency assessments, and implementation of institutional diabetes technology protocols."
"critical-review","6. Glycemic Goals and Hypoglycemia Standards of Care in Diabetes 2025","6.3c","B","3","Acute emergency risk; Older adults, frailty, and deintensification; Diagnosis, screening, or numeric thresholds; Procedures, surgery, technology, or devices","","guidelines-sources/ADA/2025/6. Glycemic Goals and Hypoglycemia Standards of Care in Diabetes 2025.pdf","A goal percent time <70 mg/dL (<3.9 mmol/L) of <4% (or <1% for older adults) and a goal percent time <54 mg/dL (<3.0 mmol/L) of <1% are recommended in people using CGM to prevent hypoglycemia. Deintensify or modify therapy if these goals are not met."
"critical-review","7. Diabetes Technology Standards of Care in Diabetes 2025","7.6","E","2","Insulin or high-risk glucose-lowering medication; Diagnosis, screening, or numeric thresholds; Therapy substitution, access, or affordability; Procedures, surgery, technology, or devices","","guidelines-sources/ADA/2025/7. Diabetes Technology Standards of Care in Diabetes 2025.pdf","People with diabetes who have been using CGM, continuous subcutaneous insulin infusion (CSII), and/or automated insulin delivery (AID) for diabetes management should have continued access across third-party payors, regardless of age or A1C levels."
"critical-review","10. Cardiovascular Disease and Risk Management","10.48","A","17","Acute emergency risk; Cardiovascular disease and BP/lipids; Contraindications, warnings, and adverse effects","very-long","guidelines-sources/ADA/2025/10. Cardiovascular Disease and Risk Management.pdf","Individuals with type 1 diabetes and those with type 2 diabetes who are ketosis prone and/or follow a ketogenic eating pattern who are treated with SGLT inhibition should be educated on the risks and signs of ketoacidosis and methods of risk management and provided with appropriate tools for accurate ketone measurement (i.e., serum b-hydroxybutyrate). E Cardiac Testing Candidates for advanced or invasive cardiac testing include those with 1) symptoms or signs of cardiac or vascular disease and 2) an abnormal resting electrocardiogram (ECG). Exercise ECG testing without or with echocardiography may be used as the initial test. In adults with diabetes ≥40 years of age, measurement of coronary artery calcium is also reasonable for cardiovascular risk assessment. Pharmacologic stress echocardiography or nuclear imaging should be considered in individuals with diabetes in whom resting ECG abnormalities preclude exercise stress testing (e.g., left bundle branch block or ST-T abnormalities). In addition, individuals who require stress testing and are unable to exercise should undergo pharmacologic stress echocardiography or nuclear imaging. Screening Asymptomatic Individuals for Atherosclerotic Cardiovascular Disease The screening of asymptomatic individuals with high ASCVD risk is not recommended (Fig. 10.5), in part because these high-risk people should already be receiving intensive medical therapy—an approach that provides benefits similar to those of invasive revascularization (208,209)."
"critical-review","3. Prevention or Delay of Diabetes and Associated Comorbidities Standards of Care in Diabetes—2025","3.11","C","5","Cardiovascular disease and BP/lipids; Insulin or high-risk glucose-lowering medication; Contraindications, warnings, and adverse effects","","guidelines-sources/ADA/2025/3. Prevention or Delay of Diabetes and Associated Comorbidities Standards of Care in Diabetes—2025.pdf","In people with a history of stroke and evidence of insulin resistance and prediabetes, pioglitazone may be considered to lower the risk of stroke or myocardial infarction. However, this benefit needs to be balanced with the increased risk of weight gain, edema, and fractures. A Lower doses may mitigate the risk of adverse effects but may be less effective."
"critical-review","5. Facilitating Positive Health Behaviors and Well-being to Improve Health Outcomes Standards of Care in Diabetes2025","5.28","B","6","Acute emergency risk; Cardiovascular disease and BP/lipids; Insulin or high-risk glucose-lowering medication","","guidelines-sources/ADA/2025/5. Facilitating Positive Health Behaviors and Well-being to Improve Health Outcomes Standards of Care in Diabetes2025.pdf","When using fixed insulin doses, individuals should be provided with education about consistent patterns of carbohydrate intake with respect to time and amount while considering the insulin action time, as it can result in improved glycemia and reduce the risk for hypoglycemia. B Proteins 5.29 People with diabetes and those at risk for diabetes are advised to incorporate more plant-based protein sources (e.g., nuts, seeds, and legumes) as part of an overall diverse eating pattern to reduce cardiovascular disease risk."
"critical-review","9. Pharmacologic Approaches to Glycemic Treatment","9.5","B","1","Acute emergency risk; Insulin or high-risk glucose-lowering medication; Contraindications, warnings, and adverse effects","","guidelines-sources/ADA/2025/9. Pharmacologic Approaches to Glycemic Treatment.pdf","To improve glycemic outcomes and quality of life and to minimize hypoglycemia risk, most adults with type 1 diabetes should receive education on how to match mealtime insulin doses to carbohydrate intake and fat and protein intake. They should also be taught how to modify the insulin dose (correction dose) based on concurrent glycemia, glycemic trends (if available), sick-day management, and anticipated physical activity."
"critical-review","9. Pharmacologic Approaches to Glycemic Treatment","9.19","A","8","Acute emergency risk; CKD and renal dosing; Cardiovascular disease and BP/lipids","","guidelines-sources/ADA/2025/9. Pharmacologic Approaches to Glycemic Treatment.pdf","Choice of glucose-lowering therapy modification should take into consideration individualized glycemic and weight goals, presence of comorbidities (cardiovascular, kidney, liver, and other metabolic comorbidities), and the risk of hypoglycemia."
"critical-review","9. Pharmacologic Approaches to Glycemic Treatment","9.26","A","8","CKD and renal dosing; Insulin or high-risk glucose-lowering medication; Contraindications, warnings, and adverse effects","","guidelines-sources/ADA/2025/9. Pharmacologic Approaches to Glycemic Treatment.pdf","In adults with type 2 diabetes who are initiating insulin therapy, continue glucose-lowering agents (unless contraindicated or not tolerated) for ongoing glycemic and metabolic benefits (i.e., weight, cardiometabolic, or kidney benefits)."
"critical-review","10. Cardiovascular Disease and Risk Management","10.42b","A","16","Cardiovascular disease and BP/lipids; Insulin or high-risk glucose-lowering medication; Contraindications, warnings, and adverse effects","","guidelines-sources/ADA/2025/10. Cardiovascular Disease and Risk Management.pdf","In people with type 2 diabetes and established ASCVD or multiple risk factors for ASCVD, a GLP-1 RA with demonstrated car-diovascular benefit is recommended to reduce the risk of major adverse cardiovascular events."
"critical-review","10. Cardiovascular Disease and Risk Management","10.43b","A","17","Cardiovascular disease and BP/lipids; Insulin or high-risk glucose-lowering medication; Contraindications, warnings, and adverse effects","","guidelines-sources/ADA/2025/10. Cardiovascular Disease and Risk Management.pdf","In people with type 2 diabetes and established heart failure with either preserved or reduced ejection fraction, an SGLT2 inhibitor with proven benefit in this population is recommended to improve symptoms, physical limitations, and quality of life."
"critical-review","10. Cardiovascular Disease and Risk Management","10.46e","A","17","Acute emergency risk; CKD and renal dosing; Cardiovascular disease and BP/lipids","","guidelines-sources/ADA/2025/10. Cardiovascular Disease and Risk Management.pdf","In individuals with type 2 diabetes and CKD, recommend treatment with a nonsteroidal MRA with demonstrated benefit to reduce the risk of hospitalization for heart failure."
"critical-review","10. Cardiovascular Disease and Risk Management","10.47","B","17","CKD and renal dosing; Cardiovascular disease and BP/lipids; Insulin or high-risk glucose-lowering medication","","guidelines-sources/ADA/2025/10. Cardiovascular Disease and Risk Management.pdf","In people with type 2 diabetes with stable heart failure, metformin may be continued for glucose lowering if estimated glomerular filtration rate remains >30 mL/min/1.73 m2 but should be avoided in unstable or hospitalized individuals with heart failure."
"critical-review","11. Chronic Kidney Disease and Risk Management","11.4c","A","2","CKD and renal dosing; Cardiovascular disease and BP/lipids; Contraindications, warnings, and adverse effects","","guidelines-sources/ADA/2025/11. Chronic Kidney Disease and Risk Management.pdf","An ACE inhibitor or an ARB is not recommended for the primary prevention of CKD in people with diabetes who have normal blood pressure, normal UACR (<30 mg/g creatinine), and normal eGFR."
"critical-review","11. Chronic Kidney Disease and Risk Management","11.5a","A","2","CKD and renal dosing; Cardiovascular disease and BP/lipids; Insulin or high-risk glucose-lowering medication","","guidelines-sources/ADA/2025/11. Chronic Kidney Disease and Risk Management.pdf","For people with type 2 diabetes and CKD, use of a sodium–glucose cotransporter 2 (SGLT2) inhibitor with demonstrated benefit is recommended to reduce CKD progression and cardiovascular events in individuals with eGFR ≥20 mL/min/1.73 m2 ."
"critical-review","11. Chronic Kidney Disease and Risk Management","11.5b","A","2","Acute emergency risk; CKD and renal dosing; Cardiovascular disease and BP/lipids","","guidelines-sources/ADA/2025/11. Chronic Kidney Disease and Risk Management.pdf","To reduce cardiovascular risk and kidney disease progression in people with type 2 diabetes and CKD, a glucagon-like peptide 1 agonist with demonstrated benefit in this population is recommended."
"critical-review","14. Children and Adolescents","14.66","A","12","Acute emergency risk; Children and adolescents; Insulin or high-risk glucose-lowering medication","","guidelines-sources/ADA/2025/14. Children and Adolescents.pdf","If glycemic goals are no longer met with metformin (with or without long-acting insulin), glucagon-like peptide 1 (GLP-1) receptor agonist therapy and/or empagliflozin should be considered in children 10 years of age or older."
"critical-review","14. Children and Adolescents","14.78","B","15","Pregnancy and childbearing; Children and adolescents; Cardiovascular disease and BP/lipids","","guidelines-sources/ADA/2025/14. Children and Adolescents.pdf","In youth with diabetes and hypertension, either an ACE inhibitor or an angiotensin receptor blocker is recommended for those with modestly elevated urinary albumin-to-creatinine ratio (30–299 mg/g creatinine) and should be considered for those with urinary albumin-to-creatinine ratio >300 mg/g creatinine and/or estimated GFR <60 mL/min/1.73 m2 . E Due to the potential teratogenic effects, individuals of childbearing age should receive reproductive counseling, and ACE inhibitors and angiotensin receptor blockers should be avoided in individuals of childbearing age who are not using reliable contraception."
"critical-review","14. Children and Adolescents","14.101","A","16","Pregnancy and childbearing; Children and adolescents; Contraindications, warnings, and adverse effects","","guidelines-sources/ADA/2025/14. Children and Adolescents.pdf","Starting at puberty, preconception counseling should be incorporated into routine diabetes clinic visits for all individuals of childbearing potential because of the adverse pregnancy outcomes in this population."
"critical-review","16. Diabetes Care in the Hospital","16.11","A","5","Acute emergency risk; Cardiovascular disease and BP/lipids; Contraindications, warnings, and adverse effects","","guidelines-sources/ADA/2025/16. Diabetes Care in the Hospital.pdf","For people with type 2 diabetes hospitalized with heart failure, it is recommended that use of a sodium– glucose cotransporter 2 inhibitor be initiated or continued during hospitalization and upon discharge, if there are no contraindications and after recovery from the acute illness. A The safety and efficacy of noninsulin glucose-lowering therapies in the hospital setting has recently expanded (2,50, 76–78)."
"critical-review","4. Comprehensive Medical Evaluation and Assessment of Comorbidities Standards of Care in Diabetes2025","4.4","B","3","Acute emergency risk; Cardiovascular disease and BP/lipids; Older adults, frailty, and deintensification","missing-spaces","guidelines-sources/ADA/2025/4. Comprehensive Medical Evaluation and Assessment of Comorbidities Standards of Care in Diabetes2025.pdf","Ongoing management should be guided by the assessment of overall health and functional status, diabetes complications, cardiovascular risk, hypoglycemia risk, and shared decisionmaking to set therapeutic goals."
"critical-review","8. Obesity and Weight Management for the Prevention and Treatment of Type 2 Diabetes","8.27","A","9","Cardiovascular disease and BP/lipids; Contraindications, warnings, and adverse effects; Procedures, surgery, technology, or devices","very-long","guidelines-sources/ADA/2025/8. Obesity and Weight Management for the Prevention and Treatment of Type 2 Diabetes.pdf","Monitor individuals who have undergone metabolic surgery for insufficient weight loss or weight recurrence at least every 6–12 months. E In those who have insufficient weight loss or experience weight recurrence, assess for potential predisposing factors and, if appropriate, consider additional weight loss interventions (e.g., weight management pharmacotherapy). C Surgical procedures for obesity treatment— often referred to interchangeably as bariatric surgery, weight loss surgery, metabolic surgery, or metabolic/bariatric surgery—can promote significant and durable weight loss and improve glycemic management and long-term outcomes in those with type 2 diabetes. Given the magnitude and rapidity of improvement of hyperglycemia and glucose homeostasis, these procedures have been suggested as treatments for type 2 diabetes even in the absence of severe obesity, hence the current preferred terminology of “metabolic surgery” (108). A substantial body of evidence, including data from large cohort studies and randomized controlled (nonblinded) clinical trials, demonstrates that metabolic surgery achieves superior glycemic management and reduction of cardiovascular risk in people with type 2 diabetes and obesity compared with nonsurgical intervention (47). In addition to improving glycemia, metabolic surgery reduces the incidence of microvascular disease (109), improves quality of life (47,110,111), decreases cancer risk, improves cardiovascular disease risk factors and long-term cardiovascular events (111–119), and decreases all-cause mortality (120). Cohort studies that match surgical and nonsurgical subjects strongly suggest that metabolic surgery reduces all-cause mortality (121,122). Studies have also shown that metabolic surgery can improve liver outcomes among individuals with MASH, including biopsy-proven disease (123–125). The overwhelming majority of procedures performed in the U.S. are vertical sleeve gastrectomy (VSG) and Roux-en-Y gastric bypass (RYGB). Both procedures result in a smaller stomach pouch and often robust changes in enteroendocrine hormones. In VSG, 80% of the stomach is removed, leaving behind a long, thin sleeve-shaped pouch. RYGB creates a much smaller stomach pouch (roughly the size of a walnut), which is then attached to the distal small intestine, thereby bypassing the duodenum and jejunum. Metabolic surgery has been demonstrated to have beneficial effects on type 2 diabetes irrespective of the presurgical BMI (126). The American Society for Metabolic and Bariatric Surgery recommends metabolic surgery for people with type 2 diabetes and a BMI ≥30 kg/m2 (or ≥27.5 kg/m2 for Asian American individuals) in surgically eligible individuals."
"critical-review","8. Obesity and Weight Management for the Prevention and Treatment of Type 2 Diabetes Standards of Care in Diabetes 2025","8.27","A","9","Cardiovascular disease and BP/lipids; Contraindications, warnings, and adverse effects; Procedures, surgery, technology, or devices","very-long","guidelines-sources/ADA/2025/8. Obesity and Weight Management for the Prevention and Treatment of Type 2 Diabetes  Standards of Care in Diabetes 2025.pdf","Monitor individuals who have undergone metabolic surgery for insufficient weight loss or weight recurrence at least every 6–12 months. E In those who have insufficient weight loss or experience weight recurrence, assess for potential predisposing factors and, if appropriate, consider additional weight loss interventions (e.g., weight management pharmacotherapy). C Surgical procedures for obesity treatment— often referred to interchangeably as bariatric surgery, weight loss surgery, metabolic surgery, or metabolic/bariatric surgery—can promote significant and durable weight loss and improve glycemic management and long-term outcomes in those with type 2 diabetes. Given the magnitude and rapidity of improvement of hyperglycemia and glucose homeostasis, these procedures have been suggested as treatments for type 2 diabetes even in the absence of severe obesity, hence the current preferred terminology of “metabolic surgery” (108). A substantial body of evidence, including data from large cohort studies and randomized controlled (nonblinded) clinical trials, demonstrates that metabolic surgery achieves superior glycemic management and reduction of cardiovascular risk in people with type 2 diabetes and obesity compared with nonsurgical intervention (47). In addition to improving glycemia, metabolic surgery reduces the incidence of microvascular disease (109), improves quality of life (47,110,111), decreases cancer risk, improves cardiovascular disease risk factors and long-term cardiovascular events (111–119), and decreases all-cause mortality (120). Cohort studies that match surgical and nonsurgical subjects strongly suggest that metabolic surgery reduces all-cause mortality (121,122). Studies have also shown that metabolic surgery can improve liver outcomes among individuals with MASH, including biopsy-proven disease (123–125). The overwhelming majority of procedures performed in the U.S. are vertical sleeve gastrectomy (VSG) and Roux-en-Y gastric bypass (RYGB). Both procedures result in a smaller stomach pouch and often robust changes in enteroendocrine hormones. In VSG, 80% of the stomach is removed, leaving behind a long, thin sleeve-shaped pouch. RYGB creates a much smaller stomach pouch (roughly the size of a walnut), which is then attached to the distal small intestine, thereby bypassing the duodenum and jejunum. Metabolic surgery has been demonstrated to have beneficial effects on type 2 diabetes irrespective of the presurgical BMI (126). The American Society for Metabolic and Bariatric Surgery recommends metabolic surgery for people with type 2 diabetes and a BMI ≥30 kg/m2 (or ≥27.5 kg/m2 for Asian American individuals) in surgically eligible individuals."
"critical-review","10. Cardiovascular Disease and Risk Management","10.6","A","6","Cardiovascular disease and BP/lipids; Contraindications, warnings, and adverse effects; Diagnosis, screening, or numeric thresholds","very-long","guidelines-sources/ADA/2025/10. Cardiovascular Disease and Risk Management.pdf","For people with blood pressure >120/80 mmHg, lifestyle intervention consists of weight loss when indicated, a Dietary Approaches to Stop Hypertension (DASH)–style eating pattern including reducing sodium and increasing potassium intake, moderation of alcohol intake, smoking cessation, and increased physical activity. A Lifestyle management is an important component of hypertension treatment because it lowers blood pressure, enhances the effectiveness of some antihypertensive medications, promotes other aspects of metabolic and vascular health, and generally leads to few adverse effects. Lifestyle therapy consists of reducing excess body weight through caloric restriction (see Section 8, “Obesity and Weight Management for the Prevention and Treatment of Type 2 Diabetes”), at least 150 min of moderate-intensity aerobic activity per week (see Section 3, “Prevention or Delay of Diabetes and Associated Comorbidities”), restricting sodium intake (<2,300 mg/day), increasing consumption of fruits and vegetables (8–10 servings per day) and low-fat dairy products (2–3 servings per day), avoiding excessive alcohol consumption (no more than 2 servings per day in men and no more than 1 serving per day in women) (58), and increasing activity levels (59) (see Section 5, “Facilitating Positive Health Behaviors and Well-being to Improve Health Outcomes”). A systematic review of 10 randomized controlled trials reported that compared with control diet, the modified Dietary Approaches to Stop Hypertension (DASH) eating pattern could reduce mean systolic ( 3.26 mmHg [95% CI 5.58 to 0.94 mmHg]; P = 0.006) and diastolic ( 2.07 mmHg [95% CI 3.68 to 0.46 mmHg]; P = 0.01) blood pressure (60). These lifestyle interventions are reasonable for individuals with diabetes and mildly elevated blood pressure (systolic >120 mmHg or diastolic >80 mmHg) and should be initiated along with pharmacologic therapy when hypertension is diagnosed (Fig. 10.2) (59)."
"critical-review","12. Retinopathy, Neuropathy, and Foot Care","12.14","A","3","Cardiovascular disease and BP/lipids; Contraindications, warnings, and adverse effects; Procedures, surgery, technology, or devices","very-long","guidelines-sources/ADA/2025/12. Retinopathy, Neuropathy, and Foot Care.pdf","The presence of retinopathy is not a contraindication to aspirin therapy for cardioprotection, as aspirin does not increase the risk of retinal hemorrhage. A Two of the main motivations for screening for diabetic retinopathy are to prevent loss of vision and to intervene with treatment when vision loss can be prevented or reversed. Photocoagulation Surgery Two large trials, the Diabetic Retinopathy Study (DRS) in individuals with PDR and the Early Treatment Diabetic Retinopathy Study (ETDRS) in individuals with macular edema, provide the strongest support for the therapeutic benefits of laser photocoagulation surgery. The DRS (30) showed that panretinal photocoagulation surgery reduced the risk of severe vision loss from PDR from 15.9% in untreated eyes to 6.4% in treated eyes with the greatest benefit ratio in those with more advanced baseline disease (disc neovascularization or vitreous hemorrhage). Later, the ETDRS verified the benefits of panretinal photocoagulation for high-risk PDR and in older-onset individuals with severe nonproliferative diabetic retinopathy or less-than-high-risk PDR (31). Panretinal laser photocoagulation is still commonly used to manage proliferative diabetic retinopathy."
"critical-review","15. Management of Diabetes in Pregnancy","15.11","A","4","Acute emergency risk; Pregnancy and childbearing; Procedures, surgery, technology, or devices","hyphenation-fragments","guidelines-sources/ADA/2025/15. Management of Diabetes in Pregnancy.pdf","Recommend CGM to pregnant individuals with type 1 diabetes. A In conjunction with aims to achieve traditional pre- and postprandial glycemic goals, real-time CGM can reduce the risk for large-for-gestational-age infants and neonatal hypoglycemia in pregnancy complicated by type 1 diabetes."
"critical-review","2. Diagnosis and Classification of DM","2.9","E","6","Acute emergency risk; Insulin or high-risk glucose-lowering medication; Diagnosis, screening, or numeric thresholds","","guidelines-sources/ADA/2025/2. Diagnosis and Classification of DM.pdf","Standardized islet autoantibody tests are recommended for classification of diabetes in adults who have phenotypic risk factors that overlap with those for type 1 diabetes (e.g., younger age at diagnosis, unintentional weight loss, ketoacidosis, or short time to insulin treatment)."
"critical-review","3. Prevention or Delay of Diabetes and Associated Comorbidities Standards of Care in Diabetes—2025","3.7","A","4","Pregnancy and childbearing; Insulin or high-risk glucose-lowering medication; Diagnosis, screening, or numeric thresholds","","guidelines-sources/ADA/2025/3. Prevention or Delay of Diabetes and Associated Comorbidities Standards of Care in Diabetes—2025.pdf","Metformin for the prevention of type 2 diabetes should be considered in adults at high risk of type 2 diabetes, as typified by the DPP, especially those aged 25–59 years with BMI ≥35 kg/m2 , higher fasting plasma glucose (e.g., ≥110 mg/dL [≥6 mmol/L]), and higher A1C (e.g., ≥6.0% [≥42 mmol/mol]), and in individuals with prior gestational diabetes mellitus."
"critical-review","4. Comprehensive Medical Evaluation and Assessment of Comorbidities Standards of Care in Diabetes2025","4.11","B","6","Acute emergency risk; Contraindications, warnings, and adverse effects; Older adults, frailty, and deintensification","","guidelines-sources/ADA/2025/4. Comprehensive Medical Evaluation and Assessment of Comorbidities Standards of Care in Diabetes2025.pdf","To reduce the risk of falls and fractures, glycemic management goals should be individualized for people with diabetes at a higher risk of fracture. C Prioritize use of glucose-lowering medications that are associated with low risk for hypoglycemia to avoid falls."
"critical-review","5. Facilitating Positive Health Behaviors and Well-being to Improve Health Outcomes Standards of Care in Diabetes2025","5.58","B","27","Acute emergency risk; Children and adolescents; Older adults, frailty, and deintensification","","guidelines-sources/ADA/2025/5. Facilitating Positive Health Behaviors and Well-being to Improve Health Outcomes Standards of Care in Diabetes2025.pdf","Cognitive capacity should be monitored throughout the life span for all individuals with diabetes, particularly in those who have documented cognitive disabilities, those who experience severe hypoglycemia, very young children, and older adults."
"critical-review","6. Glycemic Goals and Hypoglycemia Standards of Care in Diabetes 2025","6.3a","A","3","Acute emergency risk; Contraindications, warnings, and adverse effects; Diagnosis, screening, or numeric thresholds","","guidelines-sources/ADA/2025/6. Glycemic Goals and Hypoglycemia Standards of Care in Diabetes 2025.pdf","An A1C goal of <7% (<53 mmol/ mol) is appropriate for many nonpregnant adults without severe hypoglycemia or frequent hypoglycemia affecting health or quality of life."
"critical-review","6. Glycemic Goals and Hypoglycemia Standards of Care in Diabetes 2025","6.4","B","3","Acute emergency risk; Contraindications, warnings, and adverse effects; Diagnosis, screening, or numeric thresholds","","guidelines-sources/ADA/2025/6. Glycemic Goals and Hypoglycemia Standards of Care in Diabetes 2025.pdf","Based on health care professional judgment and the preference of the person with diabetes, achievement of lower A1C levels than the goal of 7% (53 mmol/mol) may be acceptable and even beneficial if it can be achieved safely without frequent or severe hypoglycemia or other adverse effects of treatment."
"critical-review","6. Glycemic Goals and Hypoglycemia Standards of Care in Diabetes 2025","6.6","B","3","Acute emergency risk; Insulin or high-risk glucose-lowering medication; Therapy substitution, access, or affordability","","guidelines-sources/ADA/2025/6. Glycemic Goals and Hypoglycemia Standards of Care in Diabetes 2025.pdf","Deintensify hypoglycemia-causing medications (insulin, sulfonylureas, or meglitinides), or switch to a medication class with lower hypoglycemia risk, for individuals who are at high risk for hypoglycemia, within individualized glycemic goals."
"critical-review","6. Glycemic Goals and Hypoglycemia Standards of Care in Diabetes 2025","6.15","B","8","Acute emergency risk; Contraindications, warnings, and adverse effects; Diagnosis, screening, or numeric thresholds","","guidelines-sources/ADA/2025/6. Glycemic Goals and Hypoglycemia Standards of Care in Diabetes 2025.pdf","Glucose is the preferred treatment for the conscious individual with glucose <70 mg/dL (<3.9 mmol/L), although any form of carbohydrate that contains glucose may be used. Avoid using foods or beverages high in fat and/or protein for initial treatment of hypoglycemia. Fifteen minutes after initial treatment, repeat the treatment if hypoglycemia persists."
"critical-review","7. Diabetes Technology Standards of Care in Diabetes 2025","7.7","E","2","Children and adolescents; Insulin or high-risk glucose-lowering medication; Procedures, surgery, technology, or devices","","guidelines-sources/ADA/2025/7. Diabetes Technology Standards of Care in Diabetes 2025.pdf","Students should be supported at school in the use of diabetes technology, such as CGM systems, CSII, connected insulin pens, and AID systems, as recommended or prescribed by their health care team."
"critical-review","7. Diabetes Technology Standards of Care in Diabetes 2025","7.22","C","8","Children and adolescents; Insulin or high-risk glucose-lowering medication; Therapy substitution, access, or affordability","","guidelines-sources/ADA/2025/7. Diabetes Technology Standards of Care in Diabetes 2025.pdf","For people with insulin-requiring diabetes on multiple daily injections (MDI), insulin pens are preferred in most cases. Still, insulin syringes may be used for insulin delivery considering individual and caregiver preference, insulin type, availability in vials, dosing therapy, cost, and self-management capabilities."
"critical-review","7. Diabetes Technology Standards of Care in Diabetes 2025","7.27","A","9","Children and adolescents; Insulin or high-risk glucose-lowering medication; Procedures, surgery, technology, or devices","","guidelines-sources/ADA/2025/7. Diabetes Technology Standards of Care in Diabetes 2025.pdf","Insulin pump therapy, preferably with CGM, should be offered for diabetes management to youth and adults on MDI with type 2 diabetes who can use the device safely (either by themselves or with a caregiver). The choice of device should be made based on the individual’s circumstances, preferences, and needs."
"critical-review","7. Diabetes Technology Standards of Care in Diabetes 2025","7.31","B","13","Acute emergency risk; Insulin or high-risk glucose-lowering medication; Procedures, surgery, technology, or devices","","guidelines-sources/ADA/2025/7. Diabetes Technology Standards of Care in Diabetes 2025.pdf","In people with diabetes wearing personal CGM, the use of CGM should be continued when clinically appropriate during hospitalization, with confirmatory point-of-care glucose measurements for insulin dosing and hypoglycemia assessment and treatment under an institutional protocol."
"critical-review","8. Obesity and Weight Management for the Prevention and Treatment of Type 2 Diabetes","8.25","C","9","Acute emergency risk; Contraindications, warnings, and adverse effects; Procedures, surgery, technology, or devices","","guidelines-sources/ADA/2025/8. Obesity and Weight Management for the Prevention and Treatment of Type 2 Diabetes.pdf","If post–metabolic surgery hypoglycemia is suspected, clinical evaluation should exclude other potential disorders contributing to hypoglycemia, and management should include education, medical nutrition therapy with a registered dietitian nutritionist experienced in post–metabolic surgery hypoglycemia, and medication treatment, as needed. A In individuals with post– metabolic surgery hypoglycemia, use continuous glucose monitoring to improve safety."
"critical-review","8. Obesity and Weight Management for the Prevention and Treatment of Type 2 Diabetes Standards of Care in Diabetes 2025","8.25","C","9","Acute emergency risk; Contraindications, warnings, and adverse effects; Procedures, surgery, technology, or devices","","guidelines-sources/ADA/2025/8. Obesity and Weight Management for the Prevention and Treatment of Type 2 Diabetes  Standards of Care in Diabetes 2025.pdf","If post–metabolic surgery hypoglycemia is suspected, clinical evaluation should exclude other potential disorders contributing to hypoglycemia, and management should include education, medical nutrition therapy with a registered dietitian nutritionist experienced in post–metabolic surgery hypoglycemia, and medication treatment, as needed. A In individuals with post– metabolic surgery hypoglycemia, use continuous glucose monitoring to improve safety."
"critical-review","9. Pharmacologic Approaches to Glycemic Treatment","9.3","B","1","Acute emergency risk; Contraindications, warnings, and adverse effects; Procedures, surgery, technology, or devices","","guidelines-sources/ADA/2025/9. Pharmacologic Approaches to Glycemic Treatment.pdf","Early use of continuous glucose monitoring is recommended for adults with type 1 diabetes to improve glycemic outcomes and quality of life and to minimize hypoglycemia."
"critical-review","9. Pharmacologic Approaches to Glycemic Treatment","9.11","A","7","Cardiovascular disease and BP/lipids; Insulin or high-risk glucose-lowering medication; Diagnosis, screening, or numeric thresholds","","guidelines-sources/ADA/2025/9. Pharmacologic Approaches to Glycemic Treatment.pdf","In adults with type 2 diabetes who have heart failure (HF) (with either reduced or preserved ejection fraction), an SGLT2 inhibitor is recommended for both glycemic management and prevention of HF hospitalizations (irrespective of A1C) (Fig. 9.3)."
"critical-review","9. Pharmacologic Approaches to Glycemic Treatment","9.12","A","7","Cardiovascular disease and BP/lipids; Insulin or high-risk glucose-lowering medication; Diagnosis, screening, or numeric thresholds","","guidelines-sources/ADA/2025/9. Pharmacologic Approaches to Glycemic Treatment.pdf","In adults with type 2 diabetes and symptomatic heart failure with preserved ejection fraction (HFpEF) and obesity, a GLP-1 RA with demonstrated benefits for both glycemic management and reduction of HFrelated symptoms (irrespective of A1C) is recommended."
"critical-review","10. Cardiovascular Disease and Risk Management","10.5","A","3","Pregnancy and childbearing; Cardiovascular disease and BP/lipids; Diagnosis, screening, or numeric thresholds","","guidelines-sources/ADA/2025/10. Cardiovascular Disease and Risk Management.pdf","In pregnant individuals with diabetes and chronic hypertension, a blood pressure threshold of 140/90 mmHg for initiation or titration of therapy is associated with better pregnancy outcomes than reserving treatment for severe hypertension, with no increase in risk of small-for-gestational-age birth weight. A There are limited data on the optimal lower limit, but therapy should be deintensified for blood pressure <90/60 mmHg. E A blood pressure goal of 110–135/85 mmHg is suggested in the interest of reducing the risk for accelerated maternal hypertension."
"critical-review","11. Chronic Kidney Disease and Risk Management","11.3","A","1","CKD and renal dosing; Cardiovascular disease and BP/lipids; Diagnosis, screening, or numeric thresholds","","guidelines-sources/ADA/2025/11. Chronic Kidney Disease and Risk Management.pdf","Optimize blood pressure management (aim for <130/80 mmHg [Fig. 10.2]) and reduce blood pressure variability to reduce the risk or slow the progression of CKD and reduce cardiovascular risk."
"critical-review","13. Older Adults","13.4","B","3","Acute emergency risk; Insulin or high-risk glucose-lowering medication; Older adults, frailty, and deintensification","","guidelines-sources/ADA/2025/13. Older Adults.pdf","Ascertain and address episodes of hypoglycemia at routine visits because older adults with diabetes have a greater risk of hypoglycemia, especially when treated with hypoglycemic agents (e.g., sulfonylureas, meglitinides, and insulin)."
"critical-review","13. Older Adults","13.16a","B","7","Acute emergency risk; Insulin or high-risk glucose-lowering medication; Therapy substitution, access, or affordability","","guidelines-sources/ADA/2025/13. Older Adults.pdf","Deintensify hypoglycemiacausing medications (e.g., insulin, sulfonylureas, or meglitinides) or switch to a medication class with low hypoglycemia risk for individuals who are at high risk for hypoglycemia, using individualized glycemic goals."
"critical-review","13. Older Adults","13.16c","B","7","Acute emergency risk; Insulin or high-risk glucose-lowering medication; Older adults, frailty, and deintensification","","guidelines-sources/ADA/2025/13. Older Adults.pdf","Simplify complex treatment plans (especially insulin) to reduce the risk of hypoglycemia and polypharmacy and decrease the treatment burden if it can be achieved within the individualized glycemic goals."
"critical-review","13. Older Adults","13.16d","A","7","CKD and renal dosing; Cardiovascular disease and BP/lipids; Older adults, frailty, and deintensification","","guidelines-sources/ADA/2025/13. Older Adults.pdf","In older adults with type 2 diabetes and established or high risk of atherosclerotic cardiovascular disease, heart failure, and/or chronic kidney disease, the treatment plan should include agents that reduce cardiovascular and kidney disease risk, irrespective of glycemia."
"critical-review","14. Children and Adolescents","14.20","A","7","Children and adolescents; Insulin or high-risk glucose-lowering medication; Procedures, surgery, technology, or devices","","guidelines-sources/ADA/2025/14. Children and Adolescents.pdf","Automated insulin delivery (AID) systems should be offered for diabetes management to youth with type 1 diabetes who are capable of using the device safely (either by themselves or with caregivers). The choice of device should be made based on the individual’s and family’s circumstances, desires, and needs."
"critical-review","14. Children and Adolescents","14.21","A","7","Children and adolescents; Insulin or high-risk glucose-lowering medication; Procedures, surgery, technology, or devices","","guidelines-sources/ADA/2025/14. Children and Adolescents.pdf","Insulin pump therapy alone should be offered for diabetes management to youth on multiple daily injections with type 1 diabetes who are capable of using the device safely (either by themselves or with caregivers) if unable to use AID systems. The choice of device should be made based on the individual’s and family’s circumstances, desires, and needs."
"critical-review","14. Children and Adolescents","14.22","E","7","Children and adolescents; Insulin or high-risk glucose-lowering medication; Procedures, surgery, technology, or devices","","guidelines-sources/ADA/2025/14. Children and Adolescents.pdf","Students must be supported at school in the use of diabetes technology, including CGM, insulin pumps, connected insulin pens, and AID systems, as prescribed by their diabetes care team."
"critical-review","14. Children and Adolescents","14.34","B","9","Children and adolescents; Cardiovascular disease and BP/lipids; Diagnosis, screening, or numeric thresholds","","guidelines-sources/ADA/2025/14. Children and Adolescents.pdf","Blood pressure should be measured at every routine visit. In youth with high blood pressure (blood pressure ≥90th percentile for age, sex, and height or, in adolescents aged ≥13 years, blood pressure ≥120/80 mmHg) on three separate measurements, ambulatory blood pressure monitoring should be strongly considered."
"critical-review","14. Children and Adolescents","14.35","C","9","Children and adolescents; Cardiovascular disease and BP/lipids; Diagnosis, screening, or numeric thresholds","","guidelines-sources/ADA/2025/14. Children and Adolescents.pdf","Treatment of elevated blood pressure (defined as 90th to <95th percentile for age, sex, and height or, in adolescents aged ≥13 years, 120–129/ <80 mmHg) is lifestyle modification focused on healthy nutrition, physical activity, sleep, and, if appropriate, weight management."
"critical-review","14. Children and Adolescents","14.37","C","9","Children and adolescents; Cardiovascular disease and BP/lipids; Diagnosis, screening, or numeric thresholds","","guidelines-sources/ADA/2025/14. Children and Adolescents.pdf","The goal of treatment is blood pressure <90th percentile for age, sex, and height or, in adolescents aged ≥13 years, <130/80 mmHg."
"critical-review","14. Children and Adolescents","14.58","E","12","Children and adolescents; Insulin or high-risk glucose-lowering medication; Procedures, surgery, technology, or devices","","guidelines-sources/ADA/2025/14. Children and Adolescents.pdf","Real-time CGM or intermittently scanned CGM should be offered for diabetes management in youth with type 2 diabetes on multiple daily injections or insulin pumps who are capable of using the device safely (either by themselves or with a caregiver). The choice of device should be made based on an individual’s and family’s circumstances, desires, and needs."
"critical-review","14. Children and Adolescents","14.60","C","12","Acute emergency risk; Children and adolescents; Diagnosis, screening, or numeric thresholds","","guidelines-sources/ADA/2025/14. Children and Adolescents.pdf","Consider setting an A1C goal of <6.5% (<48 mmol/mol) for most children and adolescents with type 2 diabetes who have a low risk of hypoglycemia. For those at higher risk of hypoglycemia, A1C goals should be individualized as clinically appropriate."
"critical-review","14. Children and Adolescents","14.62","A","12","CKD and renal dosing; Insulin or high-risk glucose-lowering medication; Diagnosis, screening, or numeric thresholds","","guidelines-sources/ADA/2025/14. Children and Adolescents.pdf","In individuals with incidentally diagnosed or metabolically stable diabetes (A1C <8.5% [<69 mmol/mol] and asymptomatic), metformin is the initial pharmacologic treatment of choice if kidney function is normal."
"critical-review","14. Children and Adolescents","14.63","B","12","Children and adolescents; Insulin or high-risk glucose-lowering medication; Diagnosis, screening, or numeric thresholds","","guidelines-sources/ADA/2025/14. Children and Adolescents.pdf","Youth with marked hyperglycemia (blood glucose ≥250 mg/dL [≥13.9 mmol/L], A1C ≥8.5% [≥69 mmol/mol]) without acidosis at diagnosis who are symptomatic with polyuria, polydipsia, nocturia, and/or weight loss should be treated initially with long-acting insulin while metformin is initiated and titrated."
"critical-review","14. Children and Adolescents","14.72","B","14","Children and adolescents; Cardiovascular disease and BP/lipids; Diagnosis, screening, or numeric thresholds","","guidelines-sources/ADA/2025/14. Children and Adolescents.pdf","Blood pressure should be measured at every clinic visit. In youth with high blood pressure (blood pressure ≥ 90th percentile for age, sex, and height or, in adolescents aged ≥13 years, ≥120/80 mmHg) on three separate measurements, ambulatory blood pressure monitoring should be strongly considered."
"critical-review","14. Children and Adolescents","14.73","C","14","Children and adolescents; Cardiovascular disease and BP/lipids; Diagnosis, screening, or numeric thresholds","","guidelines-sources/ADA/2025/14. Children and Adolescents.pdf","After excluding secondary hypertension, treatment of elevated blood pressure (defined as 90th to <95th percentile for age, sex, and height or, in adolescents aged ≥13 years, 120–129/ <80 mmHg) is lifestyle modification focused on healthy nutrition, physical activity, sleep, and, if appropriate, weight management."
"critical-review","14. Children and Adolescents","14.75","C","14","Children and adolescents; Cardiovascular disease and BP/lipids; Diagnosis, screening, or numeric thresholds","","guidelines-sources/ADA/2025/14. Children and Adolescents.pdf","The goal of treatment is blood pressure <90th percentile for age, sex, and height or, in adolescents aged ≥13 years, <130/80 mmHg."
"critical-review","14. Children and Adolescents","14.96","B","15","Pregnancy and childbearing; Cardiovascular disease and BP/lipids; Diagnosis, screening, or numeric thresholds","","guidelines-sources/ADA/2025/14. Children and Adolescents.pdf","If LDL cholesterol remains >130 mg/dL (>3.4 mmol/L) after 6 months of dietary intervention, initiate therapy with statin, with a goal of LDL <100 mg/dL (<2.6 mmol/L). Due to the potential teratogenic effects, individuals of childbearing age should receive reproductive counseling, and statins should be avoided in individuals of childbearing age who are not using reliable contraception."
"critical-review","15. Management of Diabetes in Pregnancy","15.2","A","1","Pregnancy and childbearing; Children and adolescents; Diagnosis, screening, or numeric thresholds","","guidelines-sources/ADA/2025/15. Management of Diabetes in Pregnancy.pdf","Family planning should be discussed, and effective contraception (with consideration of long-acting, reversible contraception) should be prescribed and used until an individual’s treatment plan and A1C are optimized for pregnancy."
"critical-review","15. Management of Diabetes in Pregnancy","15.24","A","9","Pregnancy and childbearing; Cardiovascular disease and BP/lipids; Diagnosis, screening, or numeric thresholds","","guidelines-sources/ADA/2025/15. Management of Diabetes in Pregnancy.pdf","In pregnant individuals with diabetes and chronic hypertension, a blood pressure threshold of 140/90 mmHg for initiation or titration of therapy is associated with better pregnancy outcomes than reserving treatment for severe hypertension, with no increase in risk of small-for-gestationalage birth weight. A There are limited data on the optimal lower limit, but therapy should be deintensified for blood pressure <90/ 60 mmHg. E A blood pressure goal of 110–135/85 mmHg is suggested in the interest of reducing the risk for accelerated maternal hypertension."
"critical-review","16. Diabetes Care in the Hospital","16.6","B","3","Acute emergency risk; Insulin or high-risk glucose-lowering medication; Procedures, surgery, technology, or devices","","guidelines-sources/ADA/2025/16. Diabetes Care in the Hospital.pdf","In people with diabetes using a personal continuous glucose monitoring (CGM) device, the use of CGM should be continued during hospitalization if clinically appropriate, with confirmatory point-of-care (POC) blood glucose measurements for insulin dosing decisions and hypoglycemia assessment, if resources and training are available, and according to an institutional protocol."
"critical-review","7. Diabetes Technology Standards of Care in Diabetes 2025","7.9","A","2","Insulin or high-risk glucose-lowering medication; Therapy substitution, access, or affordability; Procedures, surgery, technology, or devices","column-bleed; very-long","guidelines-sources/ADA/2025/7. Diabetes Technology Standards of Care in Diabetes 2025.pdf","Standardized reports for all CGM, CSII, AID, and connected insulin devices with a minimum of a single-page report, such as the ambulatory glucose profile and weekly summary, should be available and utilized. Options for daily and weekly reports and raw data should be available. E Technology is rapidly changing, but there is no one-size-fits-all approach to technology use in people with diabetes. Insurance coverage can lag behind device availability, people’s interest in devices and willingness foradoption canvary,and health careteams may have challenges in keeping up with newly released technology. An American Diabetes Association resource, which can be accessed at diabetes.org/living-withdiabetes/treatment-care/diabetes-technologyguide, can help health care professionals and people with diabetes make decisions on the initial choice of device(s). Other sources, including health care professionals and device manufacturers, can help people troubleshoot when difficulties arise (1–10). Education and Training In general, no device used in diabetes management works optimally without education, training, and ongoing support. There are multiple resources, including online tutorials and training videos as well as written material, on the use of devices. People with diabetes vary in comfort level with technology, and some prefer in-person training and support. Those with more education regarding device use have better outcomes (1,2); therefore, the need for additional education should be periodically assessed, particularly if outcomes are not being met. Better outcomes cannot be achieved, however, without the training and education of health care professionals. The assessment of competencies in diabetes technology is crucial for prescribers, certified diabetes and education specialists, pharmacists, nurses, and anyone involved in the care of people with diabetes. These competencies are described as basic, fundamental, intermediate, and advanced and are specific to the role of each health care team member (11). In addition, the health care team’s knowledge and competency are even more relevant when people with diabetes are started on advanced diabetes technologies, such as AID systems. In such situations, training is vital and should include a discussion about realistic expectations for the ability of the initiated system to achieve glucose goals, the system’s features and limitations, and thebestwaytousethenewsystemtomaximize the benefits itcan offer (12). Use in Schools Instructions for device use should be outlined in the student’s diabetes medical management plan (DMMP)."
"critical-review","13. Older Adults","13.5","A","3","Acute emergency risk; Older adults, frailty, and deintensification; Procedures, surgery, technology, or devices","","guidelines-sources/ADA/2025/13. Older Adults.pdf","Recommend continuous glucose monitoring (CGM) for older adults with type 1 diabetes to improve glycemic outcomes, reduce hypoglycemia, and reduce treatment burden."
"critical-review","13. Older Adults","13.8b","C","4","Acute emergency risk; Older adults, frailty, and deintensification; Diagnosis, screening, or numeric thresholds","","guidelines-sources/ADA/2025/13. Older Adults.pdf","Older adults with diabetes and intermediate or complex health are clinically heterogeneous with variable life expectancy. Selection of glycemic goals should be individualized and should prioritize avoidance of hypoglycemia, with less stringent goals (such as A1C <8.0% [<64 mmol/mol] and/or TIR 70–180 mg/dL [3.9–10.0 mmol] of 50% and time below range <70 mg/dL [3.9 mmol/L] of <1%) for those with significant cognitive and/or functional limitations, frailty, severe comorbidities, and a less favorable risk-tobenefit ratio of diabetes medications."
"critical-review","13. Older Adults","13.10","B","4","Cardiovascular disease and BP/lipids; Older adults, frailty, and deintensification; Diagnosis, screening, or numeric thresholds","","guidelines-sources/ADA/2025/13. Older Adults.pdf","Treatment of hypertension to individualized goal levels is indicated in most older adults with diabetes."
"critical-review","13. Older Adults","13.18","E","12","Insulin or high-risk glucose-lowering medication; Older adults, frailty, and deintensification; Procedures, surgery, technology, or devices","","guidelines-sources/ADA/2025/13. Older Adults.pdf","Recommend diabetes education/ training (including that for CGM devices, insulin pumps, and advanced insulin delivery systems) for the staff of long-term care and rehabilitation facilities to improve the management of older adults with diabetes."
"critical-review","13. Older Adults","13.19","E","12","Insulin or high-risk glucose-lowering medication; Older adults, frailty, and deintensification; Procedures, surgery, technology, or devices","","guidelines-sources/ADA/2025/13. Older Adults.pdf","People with diabetes residing in long-term care facilities need careful assessment of mobility, mentation, medications, and management preferences to establish individualized glycemic goals and to make appropriate choices of glucose-lowering agents and devices (including CGM devices, insulin pumps, and advanced insulin delivery systems) based on their clinical and functional status."
"critical-review","14. Children and Adolescents","14.27","E","7","Children and adolescents; Diagnosis, screening, or numeric thresholds; Procedures, surgery, technology, or devices","","guidelines-sources/ADA/2025/14. Children and Adolescents.pdf","CGM metrics derived from CGM use over the most recent 14 days (or longer for youth with more glycemic variability), including time in range (70–180 mg/dL [3.9–10.0 mmol/L]), time below range (<70 mg/dL [<3.9 mmol/L] and <54 mg/dL [<3.0 mmol/L]), and time above range (>180 mg/dL [>10.0 mmol/L] and >250 mg/dL [>13.9 mmol/L]), are recommended to be used in conjunction with A1C whenever possible."
"critical-review","14. Children and Adolescents","14.70","A","14","Children and adolescents; Diagnosis, screening, or numeric thresholds; Procedures, surgery, technology, or devices","","guidelines-sources/ADA/2025/14. Children and Adolescents.pdf","Metabolic surgery may be considered for the treatment of adolescents with type 2 diabetes who have class 2 obesity or higher (BMI >35 kg/m2 or >120% of 95th percentile for age and sex, whichever is lower) and who have elevated A1C and/or serious comorbidities despite lifestyle and pharmacologic intervention."
"critical-review","13. Older Adults","13.8a","C","4","Older adults, frailty, and deintensification; Diagnosis, screening, or numeric thresholds; Procedures, surgery, technology, or devices","","guidelines-sources/ADA/2025/13. Older Adults.pdf","Older adults with diabetes who are otherwise healthy with few and stable coexisting chronic illnesses and intact cognitive and functional status should have lower glycemic goals (such as A1C <7.0–7.5% [<53–58 mmol/mol]) and/or time in range [TIR] 70–180 mg/dL [3.9–10.0 mmol] of 70% and time below range ≤70 mg/dL [3.9 mmol/L] of ≤4%) if CGM is used."
"critical-review","4. Comprehensive Medical Evaluation and Assessment of Comorbidities Standards of Care in Diabetes2025","4.24","A","15","Cardiovascular disease and BP/lipids; Insulin or high-risk glucose-lowering medication","very-long","guidelines-sources/ADA/2025/4. Comprehensive Medical Evaluation and Assessment of Comorbidities Standards of Care in Diabetes2025.pdf","Refer adults with type 2 diabetes or prediabetes at higher risk for significant liver fibrosis (i.e., as indicated by FIB-4, liver stiffness measurement, or ELF) to a gastroenterologist or hepatologist for further evaluation and management. B Metabolic dysfunction–associated steatotic liver disease (MASLD) has replaced the term nonalcoholic fatty liver disease (NAFLD) to identify steatotic liver disease. The definition includes the presence of steatotic liver disease and at least one cardiometabolic risk factor associated with insulin resistance (e.g., prediabetes, diabetes, atherogenic dyslipidemia, or hypertension) without other identifiable causes of steatosis (180). This is in the absence of ongoing or recent consumption of significant amounts of alcohol (defined as ingestion of >21 standard drinks per week in men and >14 standard drinks per week in women over a 2-year period preceding evaluation) or other secondary causes of hepatic steatosis (181). It is estimated that in adults in the U.S., the prevalence of MASLD is >70% of people with type 2 diabetes (182–184). This is consistent with studies from other countries (185,186). The new definition of MASLD aims to remove potential stigma from the term “fatty” when referring to steatosis, highlights the role of prediabetes and type 2 diabetes in MASLD, and provides a positive diagnosis by using cardiometabolic risk factors as surrogates for insulin resistance, the main driver for the development of steatosis. The new definition correlates well with the past definition of MASLD for people with prediabetes or type 2 diabetes (who already have, by definition, one cardiometabolic risk factor) (187,188). A separate category outside of MASLD, named metabolic dysfunction and alcoholic liver disease, was created for circumstances in which alcohol intake is greater than that allowed for MASLD but less than that attributed to alcoholic liver disease. More research is needed to better characterize the predictive value for metabolic dysfunction–associated steatohepatitis (MASH) of different cardiometabolic risk factors and the natural history of metabolic dysfunction and alcoholic liver disease or steatosis in young adults without cardiometabolic risk factors. Diabetes is a major risk factor for developing MASH (formerly nonalcoholic steatohepatitis, or NASH) and worse liver outcomes (185,186). MASH is defined histologically as having ≥5% hepatic steatosis with inflammation and hepatocyte injury (hepatocyte ballooning), with or without evidence of liver fibrosis (181). Steatohepatitis is estimated to affect more than half of people with type 2 diabetes with MASLD (189,190). Fibrosis stages are classified histologically as the following: F0, no fibrosis; F1, mild; F2, moderate (significant); F3, severe (advanced); and F4, cirrhosis. In the U.S., between 12% and 20% of people with type 2 diabetes have “at-risk” MASH (i.e., steatohepatitis with clinically significant fibrosis [$F2] and at risk for cirrhosis) (182,183,189)."
"critical-review","9. Pharmacologic Approaches to Glycemic Treatment","9.20","A","8","Acute emergency risk; Insulin or high-risk glucose-lowering medication","missing-spaces","guidelines-sources/ADA/2025/9. Pharmacologic Approaches to Glycemic Treatment.pdf","When initiating a new glucoselowering medication, reassess the need for and/or dose of medications with higher hypoglycemia risk (i.e., sulfonylureas, meglitinides, and insulin) to minimize the risk of hypoglycemia and treatment burden."
"critical-review","12. Retinopathy, Neuropathy, and Foot Care","12.32","A","8","CKD and renal dosing; Contraindications, warnings, and adverse effects","very-long","guidelines-sources/ADA/2025/12. Retinopathy, Neuropathy, and Foot Care.pdf","For chronic diabetic foot ulcers that have failed to heal with optimal standard care alone, adjunctive treatment with randomized controlled trial– proven advanced agents should be considered. Considerations might include negative-pressure wound therapy, placental membranes, bioengineered skin substitutes, several acellular matrices, autologous fibrin and leukocyte platelet patches, and topical oxygen therapy. A Foot ulcerations and amputations are common complications associated with diabetes.These may be the consequences of several factors, including peripheral neuropathy, PAD, and foot deformities. They represent major causes of morbidity and mortality in people with diabetes. Early recognition of at-risk feet, preulcerative lesions, and prompt treatment of ulcerations and other lower-extremity complications can delay or prevent adverse outcomes. Early recognition requires an understanding of those factors that put people with diabetes at increased risk for ulcerations and amputations. Factors that are associated with the at-risk foot include the following: • Poor glycemic management • Peripheral neuropathy/LOPS • PAD • Foot deformities (bunions, hammertoes, Charcot joint, etc.) • Preulcerative corns or calluses • Prior ulceration • Prior amputation • Smoking • Retinopathy • Nephropathy (particularly individuals on dialysis or posttransplant) Identifying the at-risk foot begins with a detailed history documenting diabetes management, smoking history, exercise tolerance, history of claudication or rest pain, and prior ulcerations or amputations."
"critical-review","2. Diagnosis and Classification of DM","2.21","B","14","Acute emergency risk; Contraindications, warnings, and adverse effects","","guidelines-sources/ADA/2025/2. Diagnosis and Classification of DM.pdf","After organ transplantation, screening for hyperglycemia should be done. A formal diagnosis of posttransplantation diabetes mellitus (PTDM) is best made once the individual is stable on an immunosuppressive plan and in the absence of an acute infection."
"critical-review","2. Diagnosis and Classification of DM","2.24b","B","14","Children and adolescents; Contraindications, warnings, and adverse effects","","guidelines-sources/ADA/2025/2. Diagnosis and Classification of DM.pdf","Children and young adults who do not have typical characteristics of type 1 or type 2 diabetes and family history of diabetes in successive generations (suggestive of an autosomal dominant pattern of inheritance) should have genetic testing for maturityonsetdiabetes of the young (MODY)."
"critical-review","3. Prevention or Delay of Diabetes and Associated Comorbidities Standards of Care in Diabetes—2025","3.10","B","5","Cardiovascular disease and BP/lipids; Contraindications, warnings, and adverse effects","","guidelines-sources/ADA/2025/3. Prevention or Delay of Diabetes and Associated Comorbidities Standards of Care in Diabetes—2025.pdf","Statin therapy may increase the risk of type 2 diabetes in people at high risk of developing type 2 diabetes. In such individuals, glucose status should be monitored regularly and diabetes prevention approaches reinforced. It is not recommended that statins be avoided or discontinued for this adverse effect."
"critical-review","4. Comprehensive Medical Evaluation and Assessment of Comorbidities Standards of Care in Diabetes2025","4.26","B","17","Acute emergency risk; Insulin or high-risk glucose-lowering medication","","guidelines-sources/ADA/2025/4. Comprehensive Medical Evaluation and Assessment of Comorbidities Standards of Care in Diabetes2025.pdf","In adults with type 2 diabetes, MASLD, and overweight or obesity, consider using a glucagon-like peptide 1 (GLP-1) receptor agonist (RA) or a dual glucose-dependent insulinotropic polypeptide (GIP) and GLP-1 RA for the treatment of obesity with potential benefits in MASH as an adjunctive therapy to lifestyle interventions for weight loss."
"critical-review","4. Comprehensive Medical Evaluation and Assessment of Comorbidities Standards of Care in Diabetes2025","4.31b","B","17","Cardiovascular disease and BP/lipids; Contraindications, warnings, and adverse effects","","guidelines-sources/ADA/2025/4. Comprehensive Medical Evaluation and Assessment of Comorbidities Standards of Care in Diabetes2025.pdf","Statin therapy is safe in adults with type 2 diabetes and compensated cirrhosis from MASLD and should be initiated or continued for cardiovascular risk reduction as clinically indicated. B In people with decompensated cirrhosis, statin therapy should be used with caution, and close monitoring is needed, given limited safety and efficacy data."
"critical-review","5. Facilitating Positive Health Behaviors and Well-being to Improve Health Outcomes Standards of Care in Diabetes2025","5.19","B","5","Acute emergency risk; Insulin or high-risk glucose-lowering medication","","guidelines-sources/ADA/2025/5. Facilitating Positive Health Behaviors and Well-being to Improve Health Outcomes Standards of Care in Diabetes2025.pdf","Educate people with diabetes about the signs, symptoms, and self-management of delayed hypoglycemia after drinking alcohol, especially when using insulin or insulin secretagogues. The importance of monitoring glucose after drinking alcoholic beverages to reduce hypoglycemia risk should be emphasized. B Limit sodium and foods high in salt 5.20 Counsel people with diabetes to limit sodium consumption to <2,300 mg/day, as clinically appropriate, B and that the best way to achieve this is through limiting consumption of processed foods."
"critical-review","6. Glycemic Goals and Hypoglycemia Standards of Care in Diabetes 2025","6.2","E","1","Acute emergency risk; Children and adolescents","","guidelines-sources/ADA/2025/6. Glycemic Goals and Hypoglycemia Standards of Care in Diabetes 2025.pdf","Assess glycemic status at least two times a year, and more frequently (e.g., every 3 months) for individuals not meeting glycemic goals or with recent treatment changes, frequent or severe hypoglycemia or hyperglycemia, or changes in health status, or during periods of rapid growth and development in youth."
"critical-review","6. Glycemic Goals and Hypoglycemia Standards of Care in Diabetes 2025","6.17","C","8","Acute emergency risk; Insulin or high-risk glucose-lowering medication","","guidelines-sources/ADA/2025/6. Glycemic Goals and Hypoglycemia Standards of Care in Diabetes 2025.pdf","All individuals taking insulin or at risk for hypoglycemia"
"critical-review","7. Diabetes Technology Standards of Care in Diabetes 2025","7.11","B","2","Acute emergency risk; Insulin or high-risk glucose-lowering medication","","guidelines-sources/ADA/2025/7. Diabetes Technology Standards of Care in Diabetes 2025.pdf","People who are taking insulin and using BGM should be encouraged to check their blood glucose levels when appropriate based on their insulin therapy. This may include checking when fasting, prior to meals and snacks, after meals, at bedtime, in the middle of the night, prior to, during, and after exercise, when hypoglycemia is suspected, after treating low blood glucose levels until they are normoglycemic, when hyperglycemia is suspected, and prior to and while performing critical tasks such as driving."
"critical-review","7. Diabetes Technology Standards of Care in Diabetes 2025","7.25","B","8","Insulin or high-risk glucose-lowering medication; Contraindications, warnings, and adverse effects","","guidelines-sources/ADA/2025/7. Diabetes Technology Standards of Care in Diabetes 2025.pdf","FDA-approved insulin dose calculators/decision support systems may be helpful for calculating insulin doses."
"critical-review","8. Obesity and Weight Management for the Prevention and Treatment of Type 2 Diabetes","8.17","A","4","Acute emergency risk; Insulin or high-risk glucose-lowering medication","","guidelines-sources/ADA/2025/8. Obesity and Weight Management for the Prevention and Treatment of Type 2 Diabetes.pdf","In people with diabetes and overweight or obesity, the preferred pharmacotherapy should be a glucagonlike peptide 1 receptor agonist or dual glucose-dependent insulinotropic polypeptide and glucagon-like peptide 1 receptor agonist with greater weight loss efficacy (i.e., semaglutide or tirzepatide), especially considering their added weight-independent benefits (e.g., glycemic and cardiometabolic)."
"critical-review","8. Obesity and Weight Management for the Prevention and Treatment of Type 2 Diabetes Standards of Care in Diabetes 2025","8.17","A","4","Acute emergency risk; Insulin or high-risk glucose-lowering medication","","guidelines-sources/ADA/2025/8. Obesity and Weight Management for the Prevention and Treatment of Type 2 Diabetes  Standards of Care in Diabetes 2025.pdf","In people with diabetes and overweight or obesity, the preferred pharmacotherapy should be a glucagonlike peptide 1 receptor agonist or dual glucose-dependent insulinotropic polypeptide and glucagon-like peptide 1 receptor agonist with greater weight loss efficacy (i.e., semaglutide or tirzepatide), especially considering their added weight-independent benefits (e.g., glycemic and cardiometabolic)."
"critical-review","9. Pharmacologic Approaches to Glycemic Treatment","9.2","A","1","Acute emergency risk; Insulin or high-risk glucose-lowering medication","","guidelines-sources/ADA/2025/9. Pharmacologic Approaches to Glycemic Treatment.pdf","For most adults with type 1 diabetes, insulin analogs (or inhaled insulin) are preferred over injectable human insulins to minimize hypoglycemia risk."
"critical-review","9. Pharmacologic Approaches to Glycemic Treatment","9.21","B","8","Insulin or high-risk glucose-lowering medication; Contraindications, warnings, and adverse effects","","guidelines-sources/ADA/2025/9. Pharmacologic Approaches to Glycemic Treatment.pdf","Concurrent use of dipeptidyl peptidase 4 (DPP-4) inhibitors with a GLP-1 RA or a dual GIP and GLP-1 RA is not recommended due to lack of additional glucose lowering beyond that of a GLP-1 RA alone."
"critical-review","9. Pharmacologic Approaches to Glycemic Treatment","9.25","A","8","Acute emergency risk; Insulin or high-risk glucose-lowering medication","","guidelines-sources/ADA/2025/9. Pharmacologic Approaches to Glycemic Treatment.pdf","If insulin is used, combination therapy with a GLP-1 RA, including a dual GIP and GLP-1 RA, is recommended for greater glycemic effectiveness as well as beneficial effects on weight and hypoglycemia risk for adults with type 2 diabetes. Insulin dosing should be reassessed upon addition or dose escalation of a GLP-1 RA or dual GIP and GLP-1 RA."
"critical-review","9. Pharmacologic Approaches to Glycemic Treatment","9.27","E","16","Acute emergency risk; Insulin or high-risk glucose-lowering medication","","guidelines-sources/ADA/2025/9. Pharmacologic Approaches to Glycemic Treatment.pdf","Monitor for signs of overbasalization during insulin therapy, such as significant bedtime-to-morning or postprandial-to-preprandial glucose differential, occurrences of hypoglycemia (aware or unaware), and high glycemic variability. When overbasalization is suspected, a thorough reevaluation should occur promptly to further tailor therapy to the individual’s needs."
"critical-review","10. Cardiovascular Disease and Risk Management","10.3","B","3","Cardiovascular disease and BP/lipids; Contraindications, warnings, and adverse effects","","guidelines-sources/ADA/2025/10. Cardiovascular Disease and Risk Management.pdf","For people with diabetes and hypertension, blood pressure goals should be individualized through a shared decision-making process that addresses cardiovascular risk, potential adverse effects of antihypertensive medications, and individual preferences."
"critical-review","10. Cardiovascular Disease and Risk Management","10.10","A","6","Cardiovascular disease and BP/lipids; Contraindications, warnings, and adverse effects","","guidelines-sources/ADA/2025/10. Cardiovascular Disease and Risk Management.pdf","Multiple-drug therapy is generally required to achieve blood pressure goals. Avoid combinations of ACE inhibitors and ARBs and combinations of ACE inhibitors or ARBs (including ARBs and neprilysin inhibitors) with direct renin inhibitors."
"critical-review","10. Cardiovascular Disease and Risk Management","10.13","A","6","Pregnancy and childbearing; Contraindications, warnings, and adverse effects","","guidelines-sources/ADA/2025/10. Cardiovascular Disease and Risk Management.pdf","ACE inhibitors, angiotensin receptor blockers, MRAs, direct renin inhibitors, and neprilysin inhibitors should be avoided in sexually active individuals of childbearing potential who are not using reliable contraception and are contraindicated in pregnancy."
"critical-review","10. Cardiovascular Disease and Risk Management","10.26","E","9","Pregnancy and childbearing; Cardiovascular disease and BP/lipids","","guidelines-sources/ADA/2025/10. Cardiovascular Disease and Risk Management.pdf","In most circumstances, lipidlowering agents should be stopped prior to conception and avoided in sexually active individuals of childbearing potential who are not using reliable contraception. B In some circumstances (e.g., for individuals with familial hypercholesterolemia or prior ASCVD event), statin therapy may be continued when the benefits outweigh risks."
"critical-review","10. Cardiovascular Disease and Risk Management","10.29a","E","9","Cardiovascular disease and BP/lipids; Contraindications, warnings, and adverse effects","","guidelines-sources/ADA/2025/10. Cardiovascular Disease and Risk Management.pdf","For individuals who do not tolerate the intended statin intensity, the maximum tolerated statin dose should be used."
"critical-review","10. Cardiovascular Disease and Risk Management","10.33","A","13","Cardiovascular disease and BP/lipids; Contraindications, warnings, and adverse effects","","guidelines-sources/ADA/2025/10. Cardiovascular Disease and Risk Management.pdf","Statin plus fibrate combination therapy has not been shown to improve ASCVD outcomes and is generally not recommended."
"critical-review","10. Cardiovascular Disease and Risk Management","10.36b","E","14","Acute emergency risk; Cardiovascular disease and BP/lipids","","guidelines-sources/ADA/2025/10. Cardiovascular Disease and Risk Management.pdf","The length of treatment with dual antiplatelet therapy using lowdose aspirin and a P2Y12 inhibitor in individuals with diabetes after an acute coronary syndrome, acute ischemic stroke, or transient ischemic attack should be determined by an interprofessional team approach that includes a cardiovascular or neurological specialist, respectively."
"critical-review","10. Cardiovascular Disease and Risk Management","10.37","A","14","Cardiovascular disease and BP/lipids; Contraindications, warnings, and adverse effects","","guidelines-sources/ADA/2025/10. Cardiovascular Disease and Risk Management.pdf","Combination therapy with aspirin plus low-dose rivaroxaban should be considered for individuals with stable coronary and/or peripheral artery disease (PAD) and low bleeding risk to prevent major adverse limb and cardiovascular events."
"critical-review","10. Cardiovascular Disease and Risk Management","10.39a","A","16","Cardiovascular disease and BP/lipids; Contraindications, warnings, and adverse effects","","guidelines-sources/ADA/2025/10. Cardiovascular Disease and Risk Management.pdf","In asymptomatic individuals, routine screening for coronary artery disease is not recommended, as it does not improve outcomes as long as ASCVD risk factors are treated."
"critical-review","10. Cardiovascular Disease and Risk Management","10.44","A","17","CKD and renal dosing; Cardiovascular disease and BP/lipids","","guidelines-sources/ADA/2025/10. Cardiovascular Disease and Risk Management.pdf","For individuals with type 2 diabetes and CKD with albuminuria treated with maximum tolerated doses of ACE inhibitor or ARB, recommend treatment with a nonsteroidal MRA with demonstrated benefit to improve cardiovascular outcomes and reduce the risk of CKD progression."
"critical-review","10. Cardiovascular Disease and Risk Management","10.46c","A","17","Acute emergency risk; Cardiovascular disease and BP/lipids","","guidelines-sources/ADA/2025/10. Cardiovascular Disease and Risk Management.pdf","In individuals with type 2 diabetes and asymptomatic stage B heart failure or with high riskof or established cardiovascular disease, treatment with an SGLT inhibitor with proven heart failure prevention benefit is recommended to reduce the risk of hospitalization for heart failure."
"critical-review","10. Cardiovascular Disease and Risk Management","10.46d","A","17","Cardiovascular disease and BP/lipids; Insulin or high-risk glucose-lowering medication","","guidelines-sources/ADA/2025/10. Cardiovascular Disease and Risk Management.pdf","In individuals with type 2 diabetes, obesity, and symptomatic heart failure with preserved ejection fraction, therapy with a GLP-1 RA with demonstrated benefit for reduction of heart failure–related symptoms, physical limitations, and exercise function is recommended."
"critical-review","10. Cardiovascular Disease and Risk Management","10.46f","A","17","Cardiovascular disease and BP/lipids; Insulin or high-risk glucose-lowering medication","","guidelines-sources/ADA/2025/10. Cardiovascular Disease and Risk Management.pdf","In individuals with diabetes, guideline-directed medical therapy for myocardial infarction and symptomatic stage C heart failure is recommended with ACE inhibitors or ARBs, MRAs, angiotensin receptor or neprilysin inhibitor, b-blockers, and SGLT2 inhibitors, similar to guideline-directed medical therapy for people without diabetes."
"critical-review","11. Chronic Kidney Disease and Risk Management","11.4a","B","1","CKD and renal dosing; Cardiovascular disease and BP/lipids","","guidelines-sources/ADA/2025/11. Chronic Kidney Disease and Risk Management.pdf","In nonpregnant people with diabetes and hypertension, either an ACE inhibitor or an angiotensin receptor blocker (ARB) is recommended for those with moderately increased albuminuria (UACR 30–299 mg/g creatinine)"
"critical-review","11. Chronic Kidney Disease and Risk Management","11.5c","A","2","CKD and renal dosing; Cardiovascular disease and BP/lipids","","guidelines-sources/ADA/2025/11. Chronic Kidney Disease and Risk Management.pdf","To reduce cardiovascular events and CKD progression in people with CKD and albuminuria, a nonsteroidal MRA that has been shown to be effective in clinical trials is recommended (if eGFR is ≥25 mL/min/1.73 m2 ). Potassium levels should be monitored."
"critical-review","11. Chronic Kidney Disease and Risk Management","11.7","B","2","CKD and renal dosing; Cardiovascular disease and BP/lipids","","guidelines-sources/ADA/2025/11. Chronic Kidney Disease and Risk Management.pdf","Aim to reduce urinary albumin by ≥30% in people with CKD and albuminuria ≥300 mg/g to slow CKD progression."
"critical-review","12. Retinopathy, Neuropathy, and Foot Care","12.7","B","2","Pregnancy and childbearing; Contraindications, warnings, and adverse effects","","guidelines-sources/ADA/2025/12. Retinopathy, Neuropathy, and Foot Care.pdf","Counsel individuals of childbearing potential with preexisting type 1 or type 2 diabetes who are planning pregnancy or who are pregnant on the risk of development and/or progression of diabetic retinopathy."
"critical-review","12. Retinopathy, Neuropathy, and Foot Care","12.8","B","2","Pregnancy and childbearing; Contraindications, warnings, and adverse effects","","guidelines-sources/ADA/2025/12. Retinopathy, Neuropathy, and Foot Care.pdf","Individuals with preexisting type 1 or type 2 diabetes should receive an eye exam before pregnancy as well as in the first trimester and may need to be monitored every trimester and for 1 year postpartum as indicated by the degree of retinopathy."
"critical-review","14. Children and Adolescents","14.10","C","5","Acute emergency risk; Children and adolescents","","guidelines-sources/ADA/2025/14. Children and Adolescents.pdf","Youth and their parents or caregivers should be educated on strategies to prevent hypoglycemia during, after, and overnight following physical activity and exercise. Treatment for hypoglycemia should be accessible before, during, and after engaging in activity."
"critical-review","14. Children and Adolescents","14.17","A","6","Pregnancy and childbearing; Children and adolescents","","guidelines-sources/ADA/2025/14. Children and Adolescents.pdf","Starting at puberty, preconception counseling should be incorporated into routine diabetes care for all individuals of childbearing potential."
"critical-review","14. Children and Adolescents","14.33","B","8","Children and adolescents; Contraindications, warnings, and adverse effects","","guidelines-sources/ADA/2025/14. Children and Adolescents.pdf","Individuals with confirmed celiac disease should be placed on a gluten-free diet for treatment and to avoid complications. Youth and their caregivers should also have a consultation with a registered dietitian nutritionist experienced in managing both diabetes and celiac disease."
"critical-review","14. Children and Adolescents","14.44","B","10","Pregnancy and childbearing; Cardiovascular disease and BP/lipids","","guidelines-sources/ADA/2025/14. Children and Adolescents.pdf","An ACE inhibitor or an angiotensin receptor blocker, titrated to normalization of albumin excretion, may be considered when elevated urinary albumin-to-creatinine ratio (>30 mg/g) is documented (two of three urine samples obtained over a 6-month interval following efforts to improve glycemia and normalize blood pressure). E Due to the potential teratogenic effects, individuals of childbearing age should receive reproductive counseling, and ACE inhibitors and angiotensin receptor blockers should be avoided in individuals of childbearing age who are not using reliable contraception."
"critical-review","14. Children and Adolescents","14.64","A","12","Acute emergency risk; Insulin or high-risk glucose-lowering medication","","guidelines-sources/ADA/2025/14. Children and Adolescents.pdf","Initiate subcutaneous or intravenous insulin treatment in individuals with ketoacidosis to rapidly correct the hyperglycemia and the metabolic derangement. Once acidosis is resolved, metformin should be initiated while subcutaneous insulin therapy is continued."
"critical-review","14. Children and Adolescents","14.68","E","12","Children and adolescents; Insulin or high-risk glucose-lowering medication","","guidelines-sources/ADA/2025/14. Children and Adolescents.pdf","For youth not meeting glycemic goals, consider maximizing noninsulin therapies (metformin, a GLP-1 receptor agonist, and empagliflozin) before initiating and/or the intensifying insulin therapy plan."
"critical-review","14. Children and Adolescents","14.79","E","15","Children and adolescents; CKD and renal dosing","","guidelines-sources/ADA/2025/14. Children and Adolescents.pdf","For youth with nephropathy, continue monitoring (yearly and/or as indicated by urinary albumin-tocreatinine ratio and estimated GFR) to detect disease progression."
"critical-review","14. Children and Adolescents","14.95","A","15","Cardiovascular disease and BP/lipids; Contraindications, warnings, and adverse effects","","guidelines-sources/ADA/2025/14. Children and Adolescents.pdf","If lipids are abnormal, initial therapy should consist of optimizing glycemia and medical nutritional therapy to limit the amount of calories from fat to 25–30% and saturated fat to <7%, limit cholesterol to <200 mg/day, avoid trans fats, and aim for 10% calories from monounsaturated fats for elevated LDL. For elevated triglycerides, MNT should also focus on decreasing carbohydrate intake and increasing dietary n-3 fatty acids in addition to the above changes."
"critical-review","14. Children and Adolescents","14.98","B","15","Children and adolescents; Contraindications, warnings, and adverse effects","","guidelines-sources/ADA/2025/14. Children and Adolescents.pdf","Routine screening for heart disease with electrocardiogram, echocardiogram, or stress testing is not recommended in asymptomatic youth with type 2 diabetes."
"critical-review","14. Children and Adolescents","14.103","A","16","Children and adolescents; Contraindications, warnings, and adverse effects","","guidelines-sources/ADA/2025/14. Children and Adolescents.pdf","Elicit a smoking history at initial and follow-up diabetes visits; discourage smoking in youth who do not smoke and encourage smoking cessation in those who do smoke."
"critical-review","15. Management of Diabetes in Pregnancy","15.1","A","1","Pregnancy and childbearing; Children and adolescents","","guidelines-sources/ADA/2025/15. Management of Diabetes in Pregnancy.pdf","Starting at puberty and continuing in all people with diabetes and childbearing potential, preconception counseling should be incorporated into routine diabetes care."
"critical-review","15. Management of Diabetes in Pregnancy","15.7","B","2","Pregnancy and childbearing; Contraindications, warnings, and adverse effects","","guidelines-sources/ADA/2025/15. Management of Diabetes in Pregnancy.pdf","Individuals with preexisting diabetes who are planning a pregnancy or who have become pregnant should be counseled on the risk of development and/or progression of diabetic retinopathy. Dilated eye examinations should occur ideally before pregnancy as well as in the first trimester, and then pregnant individuals should be monitored every trimester and for 1 year postpartum as indicated by the degree of retinopathy and as recommended by the eye care health care professional."
"critical-review","15. Management of Diabetes in Pregnancy","15.21","E","6","Insulin or high-risk glucose-lowering medication; Contraindications, warnings, and adverse effects","","guidelines-sources/ADA/2025/15. Management of Diabetes in Pregnancy.pdf","Metformin and glyburide, individually or in combination, should not be used as first-line agents for management of diabetes in pregnancy, as both cross the placenta to the fetus A and may not be sufficient to achieve glycemic goals. B Other oral and noninsulin injectable glucose-lowering medications lack long-term safety data and are not recommended."
"critical-review","15. Management of Diabetes in Pregnancy","15.26","C","10","Pregnancy and childbearing; Insulin or high-risk glucose-lowering medication","","guidelines-sources/ADA/2025/15. Management of Diabetes in Pregnancy.pdf","Insulin requirements need to be evaluated and adjusted for individuals requiring insulin after delivery because insulin resistance decreases dramatically immediately postpartum."
"critical-review","16. Diabetes Care in the Hospital","16.8a","A","4","Acute emergency risk; Insulin or high-risk glucose-lowering medication","","guidelines-sources/ADA/2025/16. Diabetes Care in the Hospital.pdf","Continuous intravenous insulin infusion is recommended for achieving glycemic goals and avoiding hypoglycemia in critically ill individuals."
"critical-review","16. Diabetes Care in the Hospital","16.12","C","5","Acute emergency risk; Contraindications, warnings, and adverse effects","","guidelines-sources/ADA/2025/16. Diabetes Care in the Hospital.pdf","A hypoglycemia management surveillance protocol should be adopted by all health systems. A plan for identifying, treating, and preventing hypoglycemia should be established for each individual. Episodes of hypoglycemia in the hospital should be documented in the health record and tracked to inform quality improvements."
"critical-review","16. Diabetes Care in the Hospital","16.14","A","8","Acute emergency risk; Insulin or high-risk glucose-lowering medication","","guidelines-sources/ADA/2025/16. Diabetes Care in the Hospital.pdf","Manage diabetic ketoacidosis (DKA) and hyperglycemic hyperosmolar state (HHS) by administering intravenous fluids, insulin, and electrolytes (Fig. 16.1) and by closely monitoring during treatment, ensuring timely and bridged transition to maintenance subcutaneous insulin administration, and identifying and treating the precipitating cause."
"critical-review","3. Prevention or Delay of Diabetes and Associated Comorbidities Standards of Care in Diabetes—2025","3.6","A","2","Cardiovascular disease and BP/lipids; Diagnosis, screening, or numeric thresholds","very-long","guidelines-sources/ADA/2025/3. Prevention or Delay of Diabetes and Associated Comorbidities Standards of Care in Diabetes—2025.pdf","Based on individual preference, certified technology-assisted diabetes prevention programs may be effective in preventing type 2 diabetes and should be considered. B The Diabetes Prevention Program Several major randomized controlled trials, including the Diabetes Prevention Program (DPP) trial (5), the Finnish Diabetes Prevention Study (DPS) (6), and the Da Qing Diabetes Prevention Study (Da Qing study) (7), demonstrate that lifestyle/behavioral intervention with an individualized reduced-calorie meal plan is highly effective in preventing or delaying type 2 diabetes and improving other cardiometabolic risk factors (such as blood pressure, lipids, and inflammation) (8). The strongest evidence for diabetes prevention in the U.S. comes from the DPP trial (5). The DPP demonstrated that intensive lifestyle intervention could reduce the risk of incident type 2 diabetes by 58% over 3 years. Follow-up of three large trials of lifestyle intervention for diabetes prevention showed sustained reduction in the risk of progression to type 2 diabetes: 39% reduction at 30 years in the Da Qing study (9), 43% reduction at 7 years in the Finnish DPS (6), and 34% reduction at 10 years (10) and 27% reduction at 15 years (11) in the U.S. Diabetes Prevention Program Outcomes Study (DPPOS). The DPP lifestyle intervention was a goal-based intervention. All participants were given the same weight loss and physical activity goals, but individualization was permitted to achieve the goals (12). The two major goals of the DPP intensive lifestyle intervention were to achieve and maintain a minimum of 7% weight loss and to partake in 150 min of moderate-intensity physical activity per week, such as brisk walking. Although weight loss was the most important factor in reducing the risk of incident diabetes, achieving the behavioral goal of at least 150 min of physical activity per week, even without achieving the weight loss goal, reduced the incidence of type 2 diabetes by 44% (13). The 7% weight loss goal was selected because it was feasible to achieve and maintain and likely to lessen the risk of developing diabetes (as well as improve other cardiometabolic risk factors). Participants were encouraged to achieve the ≥7% weight loss during the first 6 months of the intervention. Further analysis suggests higher benefit for prevention of diabetes with at least 7–10% weight loss with lifestyle interventions (13). The recommended pace of weight loss was 1–2 lb/week. Calorie goals were calculated by estimating the daily calories needed to maintain the participant’s initial weight and subtracting 500–1,000 calories/day (depending on initial body weight). The initial focus of the nutrition intervention was on reducing total fat rather than calories. After several weeks, the concepts of calorie balance and the need to restrict calories and fat were introduced (12). The goal for physical activity was selected to approximate at least 700 kcal/week expenditure from physical activity. For ease of translation, this goal was described as at least 150 min of moderate-intensity physical activity per week, similar in intensity to brisk walking. Participants were encouraged to distribute their activity throughout the week with a minimum frequency of three times per week and at least 10 min per session."
"critical-review","9. Pharmacologic Approaches to Glycemic Treatment","9.23","E","8","Insulin or high-risk glucose-lowering medication; Diagnosis, screening, or numeric thresholds","missing-spaces","guidelines-sources/ADA/2025/9. Pharmacologic Approaches to Glycemic Treatment.pdf","In adults with type 2 diabetes, initiation of insulin should be considered regardless of background glucoselowering therapy or disease stage if symptoms of hyperglycemia are present or when A1C or blood glucose levels are very high (i.e., A1C >10% [>86 mmol/mol] or blood glucose ≥300 mg/dL [≥16.7 mmol/L])."
"critical-review","10. Cardiovascular Disease and Risk Management","10.2","A","3","Cardiovascular disease and BP/lipids; Diagnosis, screening, or numeric thresholds","very-long","guidelines-sources/ADA/2025/10. Cardiovascular Disease and Risk Management.pdf","Counsel all people with hypertension and diabetes to monitor their blood pressure at home after appropriate education. A Blood pressure should be measured at every routine clinical visit by a trained individual who should follow the guidelines established for the general population: measurement in the seated position, with feet on the floor and arm supported at heart level, after 5 min of rest. Cuff size should be appropriate for the upper-arm circumference (26). Individuals identified to have elevated blood pressure or hypertension should have blood pressure confirmed using multiple readings, including measurements on a separate day, to diagnose hypertension. However, in individuals with cardiovascular disease and blood pressure ≥180/110 mmHg, it is reasonable to diagnose hypertension at a single visit (22). Postural changes in blood pressure and pulse may be evidence of autonomic neuropathy and therefore require adjustment of blood pressure goals. Orthostatic blood pressure measurements should be checked on initial visit and as indicated. Home blood pressure self-monitoring and 24-h ambulatory blood pressure monitoring may provide evidence of white coat hypertension, masked hypertension, or other discrepancies between office and true blood pressure (27,28). In addition to confirming or refuting a diagnosis of hypertension, home blood pressure assessment may be useful to monitor antihypertensive treatment."
"critical-review","14. Children and Adolescents","14.7","C","4","Children and adolescents; Diagnosis, screening, or numeric thresholds","hyphenation-fragments","guidelines-sources/ADA/2025/14. Children and Adolescents.pdf","Physical activity is recommended for all youth with type 1 diabetes with the goal of 60 min of moderate- to vigorous-intensity aerobic activity daily, with vigorous muscle-strengthening and bone-strengthening activities at least 3 days per week."
"critical-review","15. Management of Diabetes in Pregnancy","15.23","A","9","Cardiovascular disease and BP/lipids; Diagnosis, screening, or numeric thresholds","very-long","guidelines-sources/ADA/2025/15. Management of Diabetes in Pregnancy.pdf","Pregnant individuals with type 1 or type 2 diabetes should be prescribed low-dose aspirin 100–150 mg/day starting at 12–16 weeks of gestation to lower the risk of preeclampsia. E A dosage of 162 mg/day may be acceptable; E currently, in the U.S., low-dose aspirin is available in 81-mg tablets. Diabetes in pregnancy is associated with an increased risk of preeclampsia (128). The U.S. Preventive Services Task Force recommends that blood pressure measurements be obtained throughout gestation to screen for hypertensive disorders of pregnancy (129). The Task Force also recommends using low-dose aspirin (81 mg/day) as a preventive medication at 12 weeks of gestation in individuals at high risk for preeclampsia, such as those with type 1 or type 2 diabetes (130). However, a meta-analysis and an additional trial demonstrate that low-dose aspirin <100 mg is not effective in reducing preeclampsia, so a dose of >100 mg is required (131–133)."
"critical-review","16. Diabetes Care in the Hospital","16.4b","B","2","Insulin or high-risk glucose-lowering medication; Diagnosis, screening, or numeric thresholds","missing-spaces","guidelines-sources/ADA/2025/16. Diabetes Care in the Hospital.pdf","Insulin and/or other glucoselowering therapies should be initiated or intensified for treatment of persistent hyperglycemia starting at a threshold of ≥180 mg/dL (≥10.0 mmol/L) (confirmed on two occasions within 24 h) for the majority of noncritically ill individuals (those not in the ICU)."
"critical-review","16. Diabetes Care in the Hospital","16.13","A","5","Acute emergency risk; Diagnosis, screening, or numeric thresholds","column-bleed; very-long","guidelines-sources/ADA/2025/16. Diabetes Care in the Hospital.pdf","Treatment plans should be reviewed and changed as necessary to prevent hypoglycemia and recurrent hypoglycemia when a blood glucose value of <70 mg/dL (<3.9 mmol/L) is documented. C People with or without diabetes may experience hypoglycemia in the hospital setting. While hypoglycemia is associated with increased mortality (90,91), in many cases, it is a marker of an underlying disease rather than the cause of fatality. However, hypoglycemia is a severe consequence of dysregulated metabolism and/or diabetes treatment, and it is imperative that it be minimized during hospitalization. Many episodes of inpatient hypoglycemia are preventable. A hypoglycemia prevention and management protocol should be adopted and implemented by each hospital or hospital system. A standardized hospital-wide, nurse-initiated hypoglycemia treatment protocol should be in place to immediately address blood glucose levels <70 mg/dL (<3.9 mmol/L) (92,93). In addition, individualized plans for preventing and treating hypoglycemia for each person should also be developed. An American Diabetes Association (ADA) consensus statement recommends that an individual’s treatment plan be reviewed any time a blood glucose value of <70 mg/dL (<3.9 mmol/L) occurs, as this level often predicts subsequent level 3 hypoglycemia (94). Episodes of hypoglycemia in the hospital should be documented in the EHR and tracked (1)."
"high-review","1. Improving Care and Promoting","1.6","C","6","Contraindications, warnings, and adverse effects; Therapy substitution, access, or affordability","","guidelines-sources/ADA/2025/1. Improving Care and Promoting.pdf","Health systems should assess and address disparities in diabetes care and health outcomes (e.g., by stratifying clinical quality data by factors such as insurance status, race, ethnicity, preferred language for health care discussions, disability, and other social determinants of health)."
"high-review","2. Diagnosis and Classification of DM","2.4","B","3","Pregnancy and childbearing; Diagnosis, screening, or numeric thresholds","","guidelines-sources/ADA/2025/2. Diagnosis and Classification of DM.pdf","In conditions associated with an altered relationship between A1C and glycemia, such as some hemoglobin variants, pregnancy (second and third trimesters and the postpartum period), glucose-6-phosphate dehydrogenase deficiency, HIV, hemodialysis, recent blood loss or transfusion, hemolysis, or erythropoietin therapy, plasma glucose criteria should be used to diagnose diabetes."
"high-review","2. Diagnosis and Classification of DM","2.19","B","13","Contraindications, warnings, and adverse effects; Diagnosis, screening, or numeric thresholds","","guidelines-sources/ADA/2025/2. Diagnosis and Classification of DM.pdf","A1C is not recommended as a screening test for CFRD due to low sensitivity. However, a value of ≥6.5% (≥48 mmol/mol) is consistent with a diagnosis of CFRD."
"high-review","2. Diagnosis and Classification of DM","2.25","E","16","Pregnancy and childbearing; Diagnosis, screening, or numeric thresholds","","guidelines-sources/ADA/2025/2. Diagnosis and Classification of DM.pdf","In individuals who are planning pregnancy, screen those with risk factors (Table 2.5) B and consider testing all individuals of childbearing potential for undiagnosed prediabetes or diabetes."
"high-review","2. Diagnosis and Classification of DM","2.28","B","16","Pregnancy and childbearing; Diagnosis, screening, or numeric thresholds","","guidelines-sources/ADA/2025/2. Diagnosis and Classification of DM.pdf","Screen individuals with GDM for prediabetes or diabetes at 4–12 weeks postpartum, using the 75-g OGTT and clinically appropriate nonpregnancy diagnostic criteria."
"high-review","3. Prevention or Delay of Diabetes and Associated Comorbidities Standards of Care in Diabetes—2025","3.14","A","6","Pregnancy and childbearing; Diagnosis, screening, or numeric thresholds","","guidelines-sources/ADA/2025/3. Prevention or Delay of Diabetes and Associated Comorbidities Standards of Care in Diabetes—2025.pdf","More intensive preventive approaches should be considered in individuals who are at particularly high risk of progression to diabetes, including individuals with BMI ≥35 kg/m2 , those at higher glucose levels (e.g., fasting plasma glucose 110–125 mg/dL [6.1–6.9 mmol/L], 2-h postchallenge glucose 173–199 mg/dL [9.6–11.0 mmol/L], and A1C ≥6.0% [≥42 mmol/mol]), and individuals with a history of gestational diabetes mellitus."
"high-review","4. Comprehensive Medical Evaluation and Assessment of Comorbidities Standards of Care in Diabetes2025","4.1","B","1","Contraindications, warnings, and adverse effects; Therapy substitution, access, or affordability","","guidelines-sources/ADA/2025/4. Comprehensive Medical Evaluation and Assessment of Comorbidities Standards of Care in Diabetes2025.pdf","A communication style that uses person-centered, culturally sensitive, and strength-based language and active listening; elicits individual preferences and beliefs; and assesses literacy, numeracy, and potential barriers to care should be used to optimize health outcomes and health-related quality of life."
"high-review","4. Comprehensive Medical Evaluation and Assessment of Comorbidities Standards of Care in Diabetes2025","4.8","A","6","Contraindications, warnings, and adverse effects; Older adults, frailty, and deintensification","","guidelines-sources/ADA/2025/4. Comprehensive Medical Evaluation and Assessment of Comorbidities Standards of Care in Diabetes2025.pdf","Assess fracture risk in older adults with diabetes as a part of routine care in diabetes clinical practice, according to risk factors and comorbidities."
"high-review","4. Comprehensive Medical Evaluation and Assessment of Comorbidities Standards of Care in Diabetes2025","4.13","A","6","Contraindications, warnings, and adverse effects; Older adults, frailty, and deintensification","","guidelines-sources/ADA/2025/4. Comprehensive Medical Evaluation and Assessment of Comorbidities Standards of Care in Diabetes2025.pdf","Antiresorptive medications and osteoanabolic agents should be recommended for older adults with diabetes who are at higher risk of fracture, including those with low bone mineral density with a T-score #2.0, history of fragility fracture, or elevated Fracture Risk Assessment Tool score (≥3% for hip fracture or ≥20% for major osteoporotic fracture). B Determination of fracture risk traditionally has relied on measurements of bone mineral density (BMD) and the World Health Organization–defined T-score of #–2.5 SD. However, it is now established that the consideration of other risk factors improves the categorization of fracture risk (Table 4.4). There are factors beyond BMD that contribute to bone strength in people with diabetes."
"high-review","4. Comprehensive Medical Evaluation and Assessment of Comorbidities Standards of Care in Diabetes2025","4.22a","B","15","Cardiovascular disease and BP/lipids; Diagnosis, screening, or numeric thresholds","","guidelines-sources/ADA/2025/4. Comprehensive Medical Evaluation and Assessment of Comorbidities Standards of Care in Diabetes2025.pdf","Screen adults with type 2 diabetes or with prediabetes, particularly those with obesity or other cardiometabolic risk factors or established cardiovascular disease, for their risk of having or developing cirrhosis related to metabolic dysfunction–associated steatohepatitis (MASH) using a calculated fibrosis-4 index (FIB-4) (derived from age, ALT, AST, and platelets [mdcalc.com/calc/2200/fibrosis4-fib-4index-liver-fibrosis]), even if they have normal liver enzymes."
"high-review","4. Comprehensive Medical Evaluation and Assessment of Comorbidities Standards of Care in Diabetes2025","4.32a","B","17","Cardiovascular disease and BP/lipids; Procedures, surgery, technology, or devices","","guidelines-sources/ADA/2025/4. Comprehensive Medical Evaluation and Assessment of Comorbidities Standards of Care in Diabetes2025.pdf","Consider metabolic surgery in appropriate candidates as an option to treat MASH in adults with type 2 diabetes B and to improve cardiovascular outcomes."
"high-review","4. Comprehensive Medical Evaluation and Assessment of Comorbidities Standards of Care in Diabetes2025","4.32b","B","17","Contraindications, warnings, and adverse effects; Procedures, surgery, technology, or devices","","guidelines-sources/ADA/2025/4. Comprehensive Medical Evaluation and Assessment of Comorbidities Standards of Care in Diabetes2025.pdf","Metabolic surgery should be used with caution in adults with type 2 diabetes with compensated cirrhosis from MASLD B and is not recommended in decompensated cirrhosis."
"high-review","5. Facilitating Positive Health Behaviors and Well-being to Improve Health Outcomes Standards of Care in Diabetes2025","5.34","C","15","Children and adolescents; Diagnosis, screening, or numeric thresholds","","guidelines-sources/ADA/2025/5. Facilitating Positive Health Behaviors and Well-being to Improve Health Outcomes Standards of Care in Diabetes2025.pdf","Counsel youth with type 1 diabetes C or type 2 diabetes B to engage in 60 min/day or more of moderateor vigorous-intensity aerobic activity, with muscle-strengthening and bonestrengthening activities at least 3 days/ week, and to limit the amount of time being spent sedentary, including recreational screen time."
"high-review","5. Facilitating Positive Health Behaviors and Well-being to Improve Health Outcomes Standards of Care in Diabetes2025","5.39","E","15","Children and adolescents; Procedures, surgery, technology, or devices","","guidelines-sources/ADA/2025/5. Facilitating Positive Health Behaviors and Well-being to Improve Health Outcomes Standards of Care in Diabetes2025.pdf","Counsel adults and youth treated with weight management pharmacotherapy or metabolic surgery that meeting physical activity recommendations, and in particular musclestrengthening exercises, may be beneficial for maintaining lean body mass."
"high-review","5. Facilitating Positive Health Behaviors and Well-being to Improve Health Outcomes Standards of Care in Diabetes2025","5.44","A","21","Contraindications, warnings, and adverse effects; Diagnosis, screening, or numeric thresholds","","guidelines-sources/ADA/2025/5. Facilitating Positive Health Behaviors and Well-being to Improve Health Outcomes Standards of Care in Diabetes2025.pdf","Psychosocial care should be provided to all people with diabetes, with the goal of optimizing health-related quality of life and health outcomes. Such care should be integrated with routine medical care and delivered by trained health care professionals using a collaborative, person-centered, culturally informed approach."
"high-review","5. Facilitating Positive Health Behaviors and Well-being to Improve Health Outcomes Standards of Care in Diabetes2025","5.45","C","21","Acute emergency risk; Diagnosis, screening, or numeric thresholds","","guidelines-sources/ADA/2025/5. Facilitating Positive Health Behaviors and Well-being to Improve Health Outcomes Standards of Care in Diabetes2025.pdf","Implement screening protocols for psychosocial concerns, including diabetes distress, depression, anxiety, fear of hypoglycemia, and disordered eating behaviors. Screen at least annually or when there is a change in disease, treatment, or life circumstances."
"high-review","5. Facilitating Positive Health Behaviors and Well-being to Improve Health Outcomes Standards of Care in Diabetes2025","5.46","B","21","Acute emergency risk; Older adults, frailty, and deintensification","","guidelines-sources/ADA/2025/5. Facilitating Positive Health Behaviors and Well-being to Improve Health Outcomes Standards of Care in Diabetes2025.pdf","When indicated, refer to behavioral health professionals or other trained health care professionals, ideally those with experience in diabetes, for further assessment and treatment for symptoms of diabetes distress, depression, suicidality, anxiety, treatmentrelated fear of hypoglycemia, disordered eating, and/or cognitive capacities. Such specialized psychosocial care should use age-appropriate standardized and validated tools and treatment approaches."
"high-review","5. Facilitating Positive Health Behaviors and Well-being to Improve Health Outcomes Standards of Care in Diabetes2025","5.49","B","25","Contraindications, warnings, and adverse effects; Diagnosis, screening, or numeric thresholds","","guidelines-sources/ADA/2025/5. Facilitating Positive Health Behaviors and Well-being to Improve Health Outcomes Standards of Care in Diabetes2025.pdf","Screen people with diabetes for anxiety symptoms. Health care professionals can discuss diabetes-related worries and should consider referral to a qualified behavioral health professional for further assessment and treatment if anxiety symptoms indicate interference with diabetes self-management behaviors or quality of life."
"high-review","5. Facilitating Positive Health Behaviors and Well-being to Improve Health Outcomes Standards of Care in Diabetes2025","5.50","B","25","Acute emergency risk; Diagnosis, screening, or numeric thresholds","","guidelines-sources/ADA/2025/5. Facilitating Positive Health Behaviors and Well-being to Improve Health Outcomes Standards of Care in Diabetes2025.pdf","Screen people with diabetes at risk for hypoglycemia or fear of hypoglycemia, especially if they have experienced severe and/or frequent hypoglycemic events."
"high-review","6. Glycemic Goals and Hypoglycemia Standards of Care in Diabetes 2025","6.11","A","8","Acute emergency risk; Diagnosis, screening, or numeric thresholds","","guidelines-sources/ADA/2025/6. Glycemic Goals and Hypoglycemia Standards of Care in Diabetes 2025.pdf","Screen individuals at risk for hypoglycemia for impaired hypoglycemia awareness at least annually and when clinically appropriate. E Refer to a trained health care professional for evidence-based intervention to improve hypoglycemia awareness."
"high-review","6. Glycemic Goals and Hypoglycemia Standards of Care in Diabetes 2025","6.12","A","8","Acute emergency risk; Diagnosis, screening, or numeric thresholds","","guidelines-sources/ADA/2025/6. Glycemic Goals and Hypoglycemia Standards of Care in Diabetes 2025.pdf","Screen individuals at high risk for hypoglycemia or with severe and/or frequent hypoglycemia for fear of hypoglycemia at least annually and when clinically appropriate. E Refer to a trained health care professional for evidence-based intervention."
"high-review","6. Glycemic Goals and Hypoglycemia Standards of Care in Diabetes 2025","6.14","A","8","Acute emergency risk; Procedures, surgery, technology, or devices","","guidelines-sources/ADA/2025/6. Glycemic Goals and Hypoglycemia Standards of Care in Diabetes 2025.pdf","Use of CGM is beneficial and recommended for individuals at high risk for hypoglycemia."
"high-review","7. Diabetes Technology Standards of Care in Diabetes 2025","7.3","E","1","Children and adolescents; Older adults, frailty, and deintensification","","guidelines-sources/ADA/2025/7. Diabetes Technology Standards of Care in Diabetes 2025.pdf","The type(s) and selection of devices should be individualized based on a person’s specific needs, circumstances, preferences, and skill level. In the setting of an individual whose diabetes is partially or wholly managed by someone else (e.g., a young child or a person with cognitive impairment or dexterity, psychosocial issues, and/or physical limitations), the caregiver’s skills and preferences are integral to the decision-making process."
"high-review","7. Diabetes Technology Standards of Care in Diabetes 2025","7.8","C","2","Children and adolescents; Procedures, surgery, technology, or devices","","guidelines-sources/ADA/2025/7. Diabetes Technology Standards of Care in Diabetes 2025.pdf","Recommend early initiation, including at diagnosis, of CGM, CSII, and AID depending on a person’s or caregiver’s needs and preferences."
"high-review","7. Diabetes Technology Standards of Care in Diabetes 2025","7.13","E","2","Acute emergency risk; Diagnosis, screening, or numeric thresholds","","guidelines-sources/ADA/2025/7. Diabetes Technology Standards of Care in Diabetes 2025.pdf","Although BGM in people on noninsulin therapies has not consistently shown clinically significant reductions in A1C levels, it may be helpful when modifying meal plans, physical activity plans, and/or medications (particularly medications that can cause hypoglycemia) in conjunction with a treatment adjustment program."
"high-review","7. Diabetes Technology Standards of Care in Diabetes 2025","7.30","B","13","Insulin or high-risk glucose-lowering medication; Procedures, surgery, technology, or devices","","guidelines-sources/ADA/2025/7. Diabetes Technology Standards of Care in Diabetes 2025.pdf","Consider combining technology (CGM, insulin pump, and/or diabetes apps) with online or virtual coaching to improve glycemic outcomes in individuals with diabetes or prediabetes."
"high-review","8. Obesity and Weight Management for the Prevention and Treatment of Type 2 Diabetes","8.22","E","9","Contraindications, warnings, and adverse effects; Procedures, surgery, technology, or devices","","guidelines-sources/ADA/2025/8. Obesity and Weight Management for the Prevention and Treatment of Type 2 Diabetes.pdf","Metabolic surgery should be performed in high-volume centers with interprofessional teams knowledgeable about and experienced in managing obesity, diabetes, and gastrointestinal surgery (www.facs.org/quality-programs/ accreditation-and-verification/metabolicand-bariatric-surgery-accreditation-andquality-improvement-program/)."
"high-review","8. Obesity and Weight Management for the Prevention and Treatment of Type 2 Diabetes Standards of Care in Diabetes 2025","8.22","E","9","Contraindications, warnings, and adverse effects; Procedures, surgery, technology, or devices","","guidelines-sources/ADA/2025/8. Obesity and Weight Management for the Prevention and Treatment of Type 2 Diabetes  Standards of Care in Diabetes 2025.pdf","Metabolic surgery should be performed in high-volume centers with interprofessional teams knowledgeable about and experienced in managing obesity, diabetes, and gastrointestinal surgery (www.facs.org/quality-programs/ accreditation-and-verification/metabolicand-bariatric-surgery-accreditation-andquality-improvement-program/)."
"high-review","9. Pharmacologic Approaches to Glycemic Treatment","9.4","A","1","Insulin or high-risk glucose-lowering medication; Procedures, surgery, technology, or devices","","guidelines-sources/ADA/2025/9. Pharmacologic Approaches to Glycemic Treatment.pdf","Automated insulin delivery systems should be offered to all adults with type 1 diabetes."
"high-review","9. Pharmacologic Approaches to Glycemic Treatment","9.31b","E","17","Contraindications, warnings, and adverse effects; Therapy substitution, access, or affordability","","guidelines-sources/ADA/2025/9. Pharmacologic Approaches to Glycemic Treatment.pdf","If a glucose-lowering medication is unavailable (e.g., in shortage), it is recommended to switch to a different FDA-approved medication with similar efficacy, as clinically appropriate."
"high-review","9. Pharmacologic Approaches to Glycemic Treatment","9.31c","E","17","Contraindications, warnings, and adverse effects; Therapy substitution, access, or affordability","","guidelines-sources/ADA/2025/9. Pharmacologic Approaches to Glycemic Treatment.pdf","Upon resolution of the unavailability (e.g., shortage), reassess the appropriateness of resuming the original FDA-approved medication."
"high-review","10. Cardiovascular Disease and Risk Management","10.1","E","3","Cardiovascular disease and BP/lipids; Diagnosis, screening, or numeric thresholds","","guidelines-sources/ADA/2025/10. Cardiovascular Disease and Risk Management.pdf","Blood pressure should be measured at every routine clinical visit, or at least every 6 months. Individuals found to have elevated blood pressure without a diagnosis of hypertension (systolic blood pressure 120–129 mmHg and diastolic blood pressure <80 mmHg) should have blood pressure confirmed using multiple readings, including measurements on a separate day, to diagnose hypertension. A Hypertension is defined as a systolic blood pressure ≥130 mmHg or a diastolic blood pressure ≥80 mmHg based on an average of two or more measurements obtained on two or more occasions. A Individuals with blood pressure ≥180/110 mmHg and cardiovascular disease could be diagnosed with hypertension at a single visit."
"high-review","10. Cardiovascular Disease and Risk Management","10.4","A","3","Cardiovascular disease and BP/lipids; Diagnosis, screening, or numeric thresholds","","guidelines-sources/ADA/2025/10. Cardiovascular Disease and Risk Management.pdf","The on-treatment blood pressure goal is <130/80 mmHg, if it can be safely attained."
"high-review","10. Cardiovascular Disease and Risk Management","10.7","A","6","Cardiovascular disease and BP/lipids; Diagnosis, screening, or numeric thresholds","","guidelines-sources/ADA/2025/10. Cardiovascular Disease and Risk Management.pdf","In individuals with confirmed officebased blood pressure ≥130/80 mmHg, pharmacologic therapy should be initiated and titrated to achieve the recommended blood pressure goal of <130/80 mmHg."
"high-review","10. Cardiovascular Disease and Risk Management","10.8","A","6","Cardiovascular disease and BP/lipids; Diagnosis, screening, or numeric thresholds","","guidelines-sources/ADA/2025/10. Cardiovascular Disease and Risk Management.pdf","Individuals with confirmed officebased blood pressure ≥150/90 mmHg should, in addition to lifestyle therapy, have prompt initiation and timely titration of two drugs or a single-pill combination of drugs demonstrated to reduce cardiovascular events in people with diabetes."
"high-review","10. Cardiovascular Disease and Risk Management","10.21","A","9","Cardiovascular disease and BP/lipids; Diagnosis, screening, or numeric thresholds","","guidelines-sources/ADA/2025/10. Cardiovascular Disease and Risk Management.pdf","For people with diabetes aged 40–75 years at higher cardiovascular risk, including those with one or more additional ASCVD risk factors, highintensity statin therapy is recommended to reduce LDL cholesterol by ≥50% of baseline and to obtain an LDL cholesterol goal of <70 mg/dL (<1.8 mmol/L)."
"high-review","10. Cardiovascular Disease and Risk Management","10.22","B","9","Cardiovascular disease and BP/lipids; Diagnosis, screening, or numeric thresholds","","guidelines-sources/ADA/2025/10. Cardiovascular Disease and Risk Management.pdf","For people with diabetes aged 40–75 years at higher cardiovascular risk, especially those with multiple additional ASCVD risk factors and an LDL cholesterol ≥70 mg/dL (≥1.8 mmol/L), it may be reasonable to add ezetimibe or a PCSK9 inhibitor to maximum tolerated statin therapy."
"high-review","10. Cardiovascular Disease and Risk Management","10.28","B","9","Cardiovascular disease and BP/lipids; Diagnosis, screening, or numeric thresholds","","guidelines-sources/ADA/2025/10. Cardiovascular Disease and Risk Management.pdf","For people with diabetes and ASCVD, treatment with high-intensity statin therapy is recommended to obtain an LDL cholesterol reduction of ≥50% from baseline and an LDL cholesterol goal of <55 mg/dL (<1.4 mmol/L). Addition of ezetimibe or a PCSK9 inhibitor with proven benefit in this population is recommended if this goal is not achieved on maximum tolerated statin therapy."
"high-review","10. Cardiovascular Disease and Risk Management","10.30","C","13","Contraindications, warnings, and adverse effects; Diagnosis, screening, or numeric thresholds","","guidelines-sources/ADA/2025/10. Cardiovascular Disease and Risk Management.pdf","For individuals with fasting triglyceridelevels ≥500 mg/dL (≥5.7 mmol/L), evaluate for secondary causes of hypertriglyceridemia and consider medical therapy to reduce the risk of pancreatitis."
"high-review","10. Cardiovascular Disease and Risk Management","10.31","C","13","CKD and renal dosing; Diagnosis, screening, or numeric thresholds","","guidelines-sources/ADA/2025/10. Cardiovascular Disease and Risk Management.pdf","In adults with hypertriglyceridemia (fasting triglycerides >150 mg/dL [>1.7 mmol/L] or nonfasting triglycerides >175 mg/dL [>2.0 mmol/L]), clinicians should address and treat lifestyle factors (obesity and metabolic syndrome), secondary factors (diabetes, chronic liver or kidney disease and/or nephrotic syndrome, and hypothyroidism), and medications that raise triglycerides."
"high-review","10. Cardiovascular Disease and Risk Management","10.32","B","13","Cardiovascular disease and BP/lipids; Diagnosis, screening, or numeric thresholds","","guidelines-sources/ADA/2025/10. Cardiovascular Disease and Risk Management.pdf","In individuals with ASCVD or other cardiovascular risk factors on a statin with managed LDL cholesterol but elevated triglycerides (150–499 mg/dL [1.7–5.6 mmol/L]), the addition of icosapent ethyl can be considered to reduce cardiovascular risk."
"high-review","10. Cardiovascular Disease and Risk Management","10.40a","B","16","Cardiovascular disease and BP/lipids; Older adults, frailty, and deintensification","","guidelines-sources/ADA/2025/10. Cardiovascular Disease and Risk Management.pdf","Adults with diabetes are at increased risk for the development of asymptomatic cardiac structural or functional abnormalities (stage B heart failure) or symptomatic (stage C) heart failure. Consider screening adults with diabetes by measuring a natriuretic peptide (B-type natriuretic peptide [BNP] or N-terminal pro-BNP [NT-proBNP]) to facilitate prevention of stage C heart failure."
"high-review","12. Retinopathy, Neuropathy, and Foot Care","12.5","B","2","Contraindications, warnings, and adverse effects; Diagnosis, screening, or numeric thresholds","","guidelines-sources/ADA/2025/12. Retinopathy, Neuropathy, and Foot Care.pdf","If there is no evidence of retinopathy from one or more annual eye exams and glycemic indicators are within the goal range, then screening every 1–2 years may be considered. If any level of diabetic retinopathy is present, subsequent dilated retinal examinations should be repeated at least annually by an ophthalmologist or optometrist. If retinopathy is progressing or sightthreatening, then examinations by an ophthalmologist will be required more frequently."
"high-review","12. Retinopathy, Neuropathy, and Foot Care","12.6","B","2","Contraindications, warnings, and adverse effects; Therapy substitution, access, or affordability","","guidelines-sources/ADA/2025/12. Retinopathy, Neuropathy, and Foot Care.pdf","Programs that use retinal photography with remote reading or the use of U.S. Food and Drug Administration– approved artificial intelligence algorithms to improve access to diabetic retinopathy screening are appropriate screening strategies for diabetic retinopathy. Such programs need to provide pathways for timely referral for a comprehensive eye examination when indicated."
"high-review","13. Older Adults","13.7","E","3","Insulin or high-risk glucose-lowering medication; Procedures, surgery, technology, or devices","","guidelines-sources/ADA/2025/13. Older Adults.pdf","Consider the use of automated insulin delivery systems,Amechanical insulin delivery systems, E and other advanced insulin delivery devices such as connected pens"
"high-review","13. Older Adults","13.8c","C","4","Acute emergency risk; Older adults, frailty, and deintensification","","guidelines-sources/ADA/2025/13. Older Adults.pdf","Older adults with very complex or poor health receive minimal benefit from stringent glycemic goals. Clinicians should focus on avoiding hypoglycemia and symptomatic hyperglycemia rather than achieving stringent glycemic goals."
"high-review","13. Older Adults","13.9","C","4","Contraindications, warnings, and adverse effects; Older adults, frailty, and deintensification","","guidelines-sources/ADA/2025/13. Older Adults.pdf","Screening for diabetes complications should be individualized in older adults with diabetes. Particular attention should be paid to complications that would lead to impairment of functional status or quality of life."
"high-review","13. Older Adults","13.11","E","4","Cardiovascular disease and BP/lipids; Older adults, frailty, and deintensification","","guidelines-sources/ADA/2025/13. Older Adults.pdf","Treatment of other cardiovascular risk factors should be individualized in older adults with diabetes, considering the time frame of benefit. Lipid-lowering therapy and antiplatelet agents may benefit those with life expectancies at least equal to the time frame of primary prevention or secondary intervention trials."
"high-review","13. Older Adults","13.13","A","7","Contraindications, warnings, and adverse effects; Older adults, frailty, and deintensification","","guidelines-sources/ADA/2025/13. Older Adults.pdf","For older adults with type 2 diabetes, overweight or obesity, and capacity to exercise safely, an intensive lifestyle intervention focused on dietary changes, physical activity, and modest weight loss (e.g., 5–7%) should be considered for its benefits on quality of life, mobility and physical functioning, and cardiometabolic risk."
"high-review","13. Older Adults","13.14","B","7","Acute emergency risk; Older adults, frailty, and deintensification","","guidelines-sources/ADA/2025/13. Older Adults.pdf","Select medications with low risk of hypoglycemia in older adults with type 2 diabetes, specifically for those with hypoglycemia risk factors."
"high-review","13. Older Adults","13.20","E","12","Cardiovascular disease and BP/lipids; Older adults, frailty, and deintensification","","guidelines-sources/ADA/2025/13. Older Adults.pdf","When palliative care is needed in older adults with diabetes, health care professionals should initiate conversations with people with diabetes and their care partners regarding the goals and intensity of care. Strict glucose and blood pressure management are not necessary, and simplification of medication plans can be considered. Similarly, the intensity of lipid management can be relaxed, and withdrawal of lipid-lowering therapy may be appropriate."
"high-review","13. Older Adults","13.21","C","12","Contraindications, warnings, and adverse effects; Older adults, frailty, and deintensification","","guidelines-sources/ADA/2025/13. Older Adults.pdf","Prioritize the overall comfort, prevention of distressing symptoms, and preservation of quality of life and dignity as primary goals for diabetes management at the end of life."
"high-review","14. Children and Adolescents","14.11","B","5","Children and adolescents; Diagnosis, screening, or numeric thresholds","","guidelines-sources/ADA/2025/14. Children and Adolescents.pdf","At diagnosis and during routine follow-up care, screen youth with type 1 diabetes for psychosocial concerns (e.g., diabetes distress, depressive symptoms, and disordered eating), family factors, and behavioral health concerns that could impact diabetes management with age-appropriate standardized and validated tools. Refer to a qualified behavioral health professional, preferably experienced in childhood diabetes, when indicated."
"high-review","14. Children and Adolescents","14.23","B","7","Children and adolescents; Diagnosis, screening, or numeric thresholds","","guidelines-sources/ADA/2025/14. Children and Adolescents.pdf","A1C goals must be individualized and reassessed over time. An A1C of <7% (<53 mmol/mol) is appropriate for many children and adolescents."
"high-review","14. Children and Adolescents","14.25","B","7","Acute emergency risk; Diagnosis, screening, or numeric thresholds","","guidelines-sources/ADA/2025/14. Children and Adolescents.pdf","Even less stringent A1C goals (such as <8% [<64 mmol/mol]) may be appropriate for individuals with a history of severe hypoglycemia or limited life expectancy or where the harms of treatment are greater than the benefits."
"high-review","14. Children and Adolescents","14.26","B","7","Acute emergency risk; Diagnosis, screening, or numeric thresholds","","guidelines-sources/ADA/2025/14. Children and Adolescents.pdf","Health care professionals may reasonably suggest more stringent A1C goals (such as <6.5% [<48 mmol/ mol]) for selected individuals if they can be achieved without significant hypoglycemia, excessive weight gain, negative impacts on well-being, or undue burden of care or in those who have nonglycemic factors that decrease A1C (e.g., lower erythrocyte life span). Lower goals may also be appropriate during the honeymoon phase."
"high-review","14. Children and Adolescents","14.31","B","8","Children and adolescents; Diagnosis, screening, or numeric thresholds","","guidelines-sources/ADA/2025/14. Children and Adolescents.pdf","Screen youth with type 1 diabetes for celiac disease by measuring IgA tissue transglutaminase (tTG) antibodies, with documentation of normal total serum IgA levels, soon after the diagnosis of diabetes, or IgG tTG and deamidated gliadin antibodies if IgA is deficient."
"high-review","14. Children and Adolescents","14.38","B","9","Cardiovascular disease and BP/lipids; Diagnosis, screening, or numeric thresholds","","guidelines-sources/ADA/2025/14. Children and Adolescents.pdf","Initial lipid profile should be performed soon after diagnosis, preferably after glycemia has improved and age is ≥2 years. If initial LDL cholesterol is ≤100 mg/dL (≤2.6 mmol/L), subsequent testing should be performed at 9–11 years of age."
"high-review","14. Children and Adolescents","14.39","E","9","Cardiovascular disease and BP/lipids; Diagnosis, screening, or numeric thresholds","","guidelines-sources/ADA/2025/14. Children and Adolescents.pdf","If LDL cholesterol values are within the accepted risk level (<100 mg/dL [<2.6 mmol/L]), a lipid profile repeated every 3 years is reasonable."
"high-review","14. Children and Adolescents","14.42","E","9","Cardiovascular disease and BP/lipids; Diagnosis, screening, or numeric thresholds","","guidelines-sources/ADA/2025/14. Children and Adolescents.pdf","The goal of therapy is an LDL cholesterol value <100 mg/dL (<2.6 mmol/L)."
"high-review","14. Children and Adolescents","14.51","B","11","Children and adolescents; Diagnosis, screening, or numeric thresholds","","guidelines-sources/ADA/2025/14. Children and Adolescents.pdf","Fasting plasma glucose, 2-h plasma glucose during a 75-g oral glucose tolerance test, and A1C can be used to test for prediabetes or diabetes in children and adolescents."
"high-review","14. Children and Adolescents","14.56","C","12","Children and adolescents; Diagnosis, screening, or numeric thresholds","","guidelines-sources/ADA/2025/14. Children and Adolescents.pdf","Youth with prediabetes and type 2 diabetes, like all children and adolescents, should be encouraged to participate in at least 60 min of moderate to vigorous physical activity daily (with muscle and bone strength training at least 3 days/week) B and to decrease sedentary recreational screen time."
"high-review","14. Children and Adolescents","14.65","A","12","Acute emergency risk; Diagnosis, screening, or numeric thresholds","","guidelines-sources/ADA/2025/14. Children and Adolescents.pdf","In individuals presenting with severe hyperglycemia (blood glucose ≥600 mg/dL [≥33.3 mmol/L]), consider assessment for hyperglycemic hyperosmolar state."
"high-review","14. Children and Adolescents","14.86","E","15","Contraindications, warnings, and adverse effects; Therapy substitution, access, or affordability","","guidelines-sources/ADA/2025/14. Children and Adolescents.pdf","Programs that use retinal photography (with remote reading or use of a validated assessment tool) to improve access to diabetic retinopathy screening can be appropriate screening strategies for diabetic retinopathy. Such programs need to provide pathways for timely referral for a comprehensive eye examination when indicated."
"high-review","14. Children and Adolescents","14.94","E","15","Cardiovascular disease and BP/lipids; Diagnosis, screening, or numeric thresholds","","guidelines-sources/ADA/2025/14. Children and Adolescents.pdf","Optimal goals are LDL cholesterol <100 mg/dL (<2.6 mmol/L), HDL cholesterol >35 mg/dL (>0.91 mmol/L), and triglycerides <150 mg/dL (<1.7 mmol/L)."
"high-review","14. Children and Adolescents","14.97","C","15","Contraindications, warnings, and adverse effects; Diagnosis, screening, or numeric thresholds","","guidelines-sources/ADA/2025/14. Children and Adolescents.pdf","If triglycerides are >400 mg/dL (>4.7 mmol/L) fasting or >1,000 mg/dL (>11.6 mmol/L) nonfasting, optimize glycemia and begin fibrate, with a goal of <400 mg/dL (<4.7 mmol/L) fasting to reduce risk for pancreatitis."
"high-review","14. Children and Adolescents","14.100","B","16","Children and adolescents; Diagnosis, screening, or numeric thresholds","","guidelines-sources/ADA/2025/14. Children and Adolescents.pdf","Use age-appropriate standardized and validated tools to screen for diabetes distress, depressive symptoms, and behavioral health concerns in youth with type 2 diabetes, with attention to symptoms of depression and disordered eating, and refer to a qualified behavioral health professional when indicated."
"high-review","15. Management of Diabetes in Pregnancy","15.3","A","1","Pregnancy and childbearing; Diagnosis, screening, or numeric thresholds","","guidelines-sources/ADA/2025/15. Management of Diabetes in Pregnancy.pdf","Preconception counseling should address the importance of achieving glucose levels as close to normal as is safely possible, ideally A1C <6.5% (<48 mmol/mol), to reduce the risk of congenital anomalies, preeclampsia, macrosomia, preterm birth, and other complications."
"high-review","15. Management of Diabetes in Pregnancy","15.9","B","4","Acute emergency risk; Diagnosis, screening, or numeric thresholds","","guidelines-sources/ADA/2025/15. Management of Diabetes in Pregnancy.pdf","Due to increased red blood cell turnover, A1C is slightly lower during pregnancy in people with and without diabetes. Ideally, the A1C goal in pregnancy is <6% (<42 mmol/mol) if this can be achieved without significant hypoglycemia, but the goal may be relaxed to <7% (<53 mmol/mol) if necessary to prevent hypoglycemia."
"high-review","15. Management of Diabetes in Pregnancy","15.18","C","6","Insulin or high-risk glucose-lowering medication; Procedures, surgery, technology, or devices","","guidelines-sources/ADA/2025/15. Management of Diabetes in Pregnancy.pdf","Either multiple daily injections or insulin pump technology can be used in pregnancy complicated by type 1 diabetes."
"high-review","15. Management of Diabetes in Pregnancy","15.19","A","6","Insulin or high-risk glucose-lowering medication; Procedures, surgery, technology, or devices","","guidelines-sources/ADA/2025/15. Management of Diabetes in Pregnancy.pdf","Automated insulin delivery (AID) systems with pregnancy-specific glucose targets are recommended for pregnant individuals with type 1 diabetes."
"high-review","15. Management of Diabetes in Pregnancy","15.30","B","10","Pregnancy and childbearing; Diagnosis, screening, or numeric thresholds","","guidelines-sources/ADA/2025/15. Management of Diabetes in Pregnancy.pdf","Screen individuals with a recent history of GDM at 4–12 weeks postpartum, using the 75-g oral glucose tolerance test and clinically appropriate nonpregnancy diagnostic criteria."
"high-review","16. Diabetes Care in the Hospital","16.4a","A","2","Insulin or high-risk glucose-lowering medication; Diagnosis, screening, or numeric thresholds","","guidelines-sources/ADA/2025/16. Diabetes Care in the Hospital.pdf","Insulin should be initiated or intensified for treatment of persistent hyperglycemia starting at a threshold of ≥180 mg/dL (≥10.0 mmol/L) (confirmed on two occasions within 24 h) for the majority of critically ill individuals (those in the intensive care unit [ICU])."
"high-review","16. Diabetes Care in the Hospital","16.5a","B","2","Acute emergency risk; Diagnosis, screening, or numeric thresholds","","guidelines-sources/ADA/2025/16. Diabetes Care in the Hospital.pdf","Once therapy is initiated, a glycemic goal of 140–180 mg/dL (7.8–10.0 mmol/L) is recommended for most critically ill individuals (those in the ICU) with hyperglycemia. A More stringent individualized glycemic goals may be appropriate for selected critically ill individuals if they can be achieved without significant hypoglycemia."
"high-review","16. Diabetes Care in the Hospital","16.5b","B","2","Acute emergency risk; Diagnosis, screening, or numeric thresholds","","guidelines-sources/ADA/2025/16. Diabetes Care in the Hospital.pdf","For noncritically ill individuals (those not in the ICU), a glycemic goal of 100–180 mg/dL (5.610.0 mmol/L) is recommended if it can be achieved without significant hypoglycemia."
"high-review","5. Facilitating Positive Health Behaviors and Well-being to Improve Health Outcomes Standards of Care in Diabetes2025","5.6","B","2","Therapy substitution, access, or affordability; Procedures, surgery, technology, or devices","","guidelines-sources/ADA/2025/5. Facilitating Positive Health Behaviors and Well-being to Improve Health Outcomes Standards of Care in Diabetes2025.pdf","Consider offering DSMES via telehealth and/or digital interventions as needed to meet individual preferences, address barriers to access, and improve satisfaction."
"high-review","5. Facilitating Positive Health Behaviors and Well-being to Improve Health Outcomes Standards of Care in Diabetes2025","5.22","B","5","Diagnosis, screening, or numeric thresholds; Procedures, surgery, technology, or devices","","guidelines-sources/ADA/2025/5. Facilitating Positive Health Behaviors and Well-being to Improve Health Outcomes Standards of Care in Diabetes2025.pdf","Counsel people with diabetes and those at risk for diabetes that nonnutritive sweeteners can be used instead of sugar-sweetened products if consumed in moderation and for the short term to reduce overall calorie and carbohydrate intake. B Screen for malnutrition 5.23 Screen people with diabetes and those at risk for diabetes for malnutrition, especially those who have undergone metabolic surgery A and those being treated with weight loss pharmacologic therapies."
"high-review","6. Glycemic Goals and Hypoglycemia Standards of Care in Diabetes 2025","6.1","B","1","Diagnosis, screening, or numeric thresholds; Procedures, surgery, technology, or devices","","guidelines-sources/ADA/2025/6. Glycemic Goals and Hypoglycemia Standards of Care in Diabetes 2025.pdf","Assess glycemic status by A1C A and/or continuous glucose monitoring (CGM) metrics such as time in range, time above range, and time below range. B Fructosamine or CGM can be used for glycemic monitoring when an alternative to A1C is required."
"high-review","6. Glycemic Goals and Hypoglycemia Standards of Care in Diabetes 2025","6.3b","B","3","Diagnosis, screening, or numeric thresholds; Procedures, surgery, technology, or devices","","guidelines-sources/ADA/2025/6. Glycemic Goals and Hypoglycemia Standards of Care in Diabetes 2025.pdf","A goal time in range of >70% in people using CGM is appropriate for many nonpregnant adults."
"high-review","7. Diabetes Technology Standards of Care in Diabetes 2025","7.18","E","4","Diagnosis, screening, or numeric thresholds; Procedures, surgery, technology, or devices","","guidelines-sources/ADA/2025/7. Diabetes Technology Standards of Care in Diabetes 2025.pdf","CGM can help achieve glycemic goals (e.g., time in range and time above range) A and A1C goal B in type 1 diabetes and pregnancy and may be beneficial for other types of diabetes in pregnancy."
"high-review","8. Obesity and Weight Management for the Prevention and Treatment of Type 2 Diabetes","8.18","B","4","Diagnosis, screening, or numeric thresholds; Procedures, surgery, technology, or devices","","guidelines-sources/ADA/2025/8. Obesity and Weight Management for the Prevention and Treatment of Type 2 Diabetes.pdf","Screen people with diabetes and obesity who have lost significant weight for malnutrition, especially those who have undergone metabolic surgery A and those treated with weight management pharmacologic therapy."
"high-review","8. Obesity and Weight Management for the Prevention and Treatment of Type 2 Diabetes","8.26","C","9","Diagnosis, screening, or numeric thresholds; Procedures, surgery, technology, or devices","","guidelines-sources/ADA/2025/8. Obesity and Weight Management for the Prevention and Treatment of Type 2 Diabetes.pdf","In people who undergo metabolic surgery, routinely screen for psychosocial and behavioral health changes and refer to a qualified behavioral health professional as needed."
"high-review","8. Obesity and Weight Management for the Prevention and Treatment of Type 2 Diabetes Standards of Care in Diabetes 2025","8.18","B","4","Diagnosis, screening, or numeric thresholds; Procedures, surgery, technology, or devices","","guidelines-sources/ADA/2025/8. Obesity and Weight Management for the Prevention and Treatment of Type 2 Diabetes  Standards of Care in Diabetes 2025.pdf","Screen people with diabetes and obesity who have lost significant weight for malnutrition, especially those who have undergone metabolic surgery A and those treated with weight management pharmacologic therapy."
"high-review","8. Obesity and Weight Management for the Prevention and Treatment of Type 2 Diabetes Standards of Care in Diabetes 2025","8.26","C","9","Diagnosis, screening, or numeric thresholds; Procedures, surgery, technology, or devices","","guidelines-sources/ADA/2025/8. Obesity and Weight Management for the Prevention and Treatment of Type 2 Diabetes  Standards of Care in Diabetes 2025.pdf","In people who undergo metabolic surgery, routinely screen for psychosocial and behavioral health changes and refer to a qualified behavioral health professional as needed."
"high-review","14. Children and Adolescents","14.14","E","5","Diagnosis, screening, or numeric thresholds; Therapy substitution, access, or affordability","","guidelines-sources/ADA/2025/14. Children and Adolescents.pdf","Health care professionals should screen for food security, housing stability, health literacy, financial barriers, and social or community support and apply that information to treatment decisions."
"high-review","14. Children and Adolescents","14.99","E","16","Diagnosis, screening, or numeric thresholds; Therapy substitution, access, or affordability","","guidelines-sources/ADA/2025/14. Children and Adolescents.pdf","Health care professionals should screen for food insecurity, housing stability, health literacy, financial barriers, and social or community support and apply that information to treatment decisions."
"high-review","15. Management of Diabetes in Pregnancy","15.10","E","4","Diagnosis, screening, or numeric thresholds; Procedures, surgery, technology, or devices","","guidelines-sources/ADA/2025/15. Management of Diabetes in Pregnancy.pdf","Continuous glucose monitoring (CGM) can help to achieve glycemic goals (e.g., time in range, time above range) A and A1C goal B in type 1 diabetes and pregnancy and may be beneficial for other types of diabetes in pregnancy."
"critical-review","5. Facilitating Positive Health Behaviors and Well-being to Improve Health Outcomes Standards of Care in Diabetes2025","5.57","A","27","Children and adolescents","very-long","guidelines-sources/ADA/2025/5. Facilitating Positive Health Behaviors and Well-being to Improve Health Outcomes Standards of Care in Diabetes2025.pdf","Monitor changes in body weight, glycemia, and lipids in adolescents and adults with diabetes who are prescribed second-generation antipsychotic medications; adjust the treatment plan accordingly, if needed. C Studies of individuals with serious mental illness, particularly schizophrenia and other thought disorders, show significantly increased rates of type 2 diabetes (474) (see Tables 5.7 and 5.8). People with schizophrenia and other thought disorders who are prescribed antipsychotic medications should be monitored for prediabetes and type 2 diabetes because of the known comorbidity. Changes in body weight, glycemia, and lipids should be monitored every 12–16 weeks, unless clinically indicated to be monitored sooner (475). Disordered thinking and judgment can make it difficult to engage in behaviors that reduce risk factors for type 2 diabetes, such as restrained eating for weight management. Further, people with serious mental illness and diabetes frequently experience moderate psychological distress, suggesting pervasive intrusion of behavioral health issues into daily functioning (476). Serious mental illness is often associated with the inability to evaluate and apply information to make judgments about treatment options. For a person with an established diagnosis of a mental illness affecting judgment, activities of daily living, and the ability to collaborate with care professionals, including a nonmedical caretaker, in treatment decision-making is beneficial. This caretaker can help improve the person’s ability to follow the agreed-upon treatment plan through both monitoring and caretaking functions (477). Coordinated management of prediabetes or diabetes and serious mental illness is recommended to achieve diabetes treatment goals. The diabetes care team, in collaboration with other care professionals, should work to provide an enhanced level of care and self-management support for people with diabetes and serious mental illness based on individual capacity and needs. Such care may include remote monitoring, facilitating health care aides, and providing diabetes training for family members, community support personnel, and other caregivers."
"critical-review","7. Diabetes Technology Standards of Care in Diabetes 2025","7.23","C","8","Insulin or high-risk glucose-lowering medication","missing-spaces","guidelines-sources/ADA/2025/7. Diabetes Technology Standards of Care in Diabetes 2025.pdf","Insulin pens or insulin injection aids are recommended for people with dexterity issues or vision impairment or when decided by shared decisionmaking to facilitate the accurate dosing and administration of insulin."
"critical-review","9. Pharmacologic Approaches to Glycemic Treatment","9.32b","A","17","Pregnancy and childbearing","missing-spaces","guidelines-sources/ADA/2025/9. Pharmacologic Approaches to Glycemic Treatment.pdf","A person-centered shared decision-making approach to preconception planning is essential for all individuals with diabetes and of childbearing potential. A Preconception planning should address attainment of glycemic goals, A the time frame for discontinuing noninsulin glucoselowering medications, E and optimal glycemic management in preparation for pregnancy."
"focused-review","1. Improving Care and Promoting","1.5","A","1","Contraindications, warnings, and adverse effects","","guidelines-sources/ADA/2025/1. Improving Care and Promoting.pdf","Health systems should adopt a culture of quality improvement, implement benchmarking programs, and engage interprofessional teams to support sustainable and scalable process changes to improve quality of care and health outcomes."
"focused-review","1. Improving Care and Promoting","1.9","B","6","Cardiovascular disease and BP/lipids","","guidelines-sources/ADA/2025/1. Improving Care and Promoting.pdf","Consider the involvement of community health workers to support management of diabetes and cardiovascular risk factors, especially in underserved communities and health care systems."
"focused-review","2. Diagnosis and Classification of DM","2.6","B","6","Insulin or high-risk glucose-lowering medication","","guidelines-sources/ADA/2025/2. Diagnosis and Classification of DM.pdf","Screening for presymptomatic type 1 diabetes may be done by detection of autoantibodies to insulin, glutamic acid decarboxylase (GAD), islet antigen 2 (IA-2), or zinc transporter 8 (ZnT8)."
"focused-review","2. Diagnosis and Classification of DM","2.7","B","6","Children and adolescents","","guidelines-sources/ADA/2025/2. Diagnosis and Classification of DM.pdf","Autoantibody-based screening for presymptomatic type 1 diabetes should be offered to those with a family history of type 1 diabetes or otherwise known elevated genetic risk."
"focused-review","3. Prevention or Delay of Diabetes and Associated Comorbidities Standards of Care in Diabetes—2025","3.8","B","4","Insulin or high-risk glucose-lowering medication","","guidelines-sources/ADA/2025/3. Prevention or Delay of Diabetes and Associated Comorbidities Standards of Care in Diabetes—2025.pdf","Long-term use of metformin may be associated with vitamin B12 deficiency; consider periodic assessment of vitamin B12 level in metformintreated individuals, especially in those with anemia or peripheral neuropathy."
"focused-review","3. Prevention or Delay of Diabetes and Associated Comorbidities Standards of Care in Diabetes—2025","3.9","B","5","Cardiovascular disease and BP/lipids","","guidelines-sources/ADA/2025/3. Prevention or Delay of Diabetes and Associated Comorbidities Standards of Care in Diabetes—2025.pdf","Prediabetes is associated with heightened cardiovascular risk; therefore, screening for and treatment of modifiable risk factors for cardiovascular disease are suggested."
"focused-review","3. Prevention or Delay of Diabetes and Associated Comorbidities Standards of Care in Diabetes—2025","3.12","B","6","Cardiovascular disease and BP/lipids","","guidelines-sources/ADA/2025/3. Prevention or Delay of Diabetes and Associated Comorbidities Standards of Care in Diabetes—2025.pdf","In adults with overweight or obesity at high risk of type 2 diabetes, care goals should include weight loss and maintenance, minimizing the progression of hyperglycemia, and attention to cardiovascular risk."
"focused-review","3. Prevention or Delay of Diabetes and Associated Comorbidities Standards of Care in Diabetes—2025","3.13","B","6","Cardiovascular disease and BP/lipids","","guidelines-sources/ADA/2025/3. Prevention or Delay of Diabetes and Associated Comorbidities Standards of Care in Diabetes—2025.pdf","Pharmacotherapy (e.g., for weight management, minimizing the progression of hyperglycemia, and cardiovascular risk reduction) should be considered to support person-centered care goals."
"focused-review","4. Comprehensive Medical Evaluation and Assessment of Comorbidities Standards of Care in Diabetes2025","4.5","A","3","Children and adolescents","","guidelines-sources/ADA/2025/4. Comprehensive Medical Evaluation and Assessment of Comorbidities Standards of Care in Diabetes2025.pdf","Provide routinely recommended vaccinations for children and adults with diabetes as indicated by age (see Table 4.3)."
"focused-review","4. Comprehensive Medical Evaluation and Assessment of Comorbidities Standards of Care in Diabetes2025","4.10","B","6","Contraindications, warnings, and adverse effects","","guidelines-sources/ADA/2025/4. Comprehensive Medical Evaluation and Assessment of Comorbidities Standards of Care in Diabetes2025.pdf","Consider the potential adverse impact on skeletal health when selecting pharmacological options to lower glucose levels in people with diabetes. Avoiding medications with a known association with higher fracture risk (e.g., thiazolidinediones and sulfonylureas) is recommended, particularly for those at elevated risk for fractures."
"focused-review","4. Comprehensive Medical Evaluation and Assessment of Comorbidities Standards of Care in Diabetes2025","4.12","B","6","Contraindications, warnings, and adverse effects","","guidelines-sources/ADA/2025/4. Comprehensive Medical Evaluation and Assessment of Comorbidities Standards of Care in Diabetes2025.pdf","Advise people with diabetes on their intake of calcium (1,000– 1,200 mg/day) and vitamin D to ensure it meets the recommended daily allowance for those at risk for fracture, either through their diet or supplemental means."
"focused-review","4. Comprehensive Medical Evaluation and Assessment of Comorbidities Standards of Care in Diabetes2025","4.27a","B","17","Insulin or high-risk glucose-lowering medication","","guidelines-sources/ADA/2025/4. Comprehensive Medical Evaluation and Assessment of Comorbidities Standards of Care in Diabetes2025.pdf","In adults with type 2 diabetes and biopsy-proven MASH or those at high risk for liver fibrosis (based on noninvasive tests), pioglitazone, a GLP-1 RA, or a dual GIP and GLP-1 RA is preferred for glycemic management because of potential beneficial effects on MASH."
"focused-review","4. Comprehensive Medical Evaluation and Assessment of Comorbidities Standards of Care in Diabetes2025","4.27b","B","17","Insulin or high-risk glucose-lowering medication","","guidelines-sources/ADA/2025/4. Comprehensive Medical Evaluation and Assessment of Comorbidities Standards of Care in Diabetes2025.pdf","Combination therapy with pioglitazone plus GLP-1 RA can be considered for the treatment of hyperglycemia in adults with type 2 diabetes with biopsyproven MASH or those at high risk of liver fibrosis (identified with noninvasive tests) because of potential beneficial effects on MASH.B"
"focused-review","4. Comprehensive Medical Evaluation and Assessment of Comorbidities Standards of Care in Diabetes2025","4.30a","B","17","Insulin or high-risk glucose-lowering medication","","guidelines-sources/ADA/2025/4. Comprehensive Medical Evaluation and Assessment of Comorbidities Standards of Care in Diabetes2025.pdf","In adults with type 2 diabetes and MASLD, use of glucose-lowering therapies other than pioglitazone or GLP-1 RAs may be continued as clinically indicated, but these therapies lack evidence of benefit in MASH."
"focused-review","4. Comprehensive Medical Evaluation and Assessment of Comorbidities Standards of Care in Diabetes2025","4.30b","C","17","Insulin or high-risk glucose-lowering medication","","guidelines-sources/ADA/2025/4. Comprehensive Medical Evaluation and Assessment of Comorbidities Standards of Care in Diabetes2025.pdf","Insulin therapy is the preferred agent for the treatment of hyperglycemia in adults with type 2 diabetes with decompensated cirrhosis."
"focused-review","4. Comprehensive Medical Evaluation and Assessment of Comorbidities Standards of Care in Diabetes2025","4.31a","B","17","Cardiovascular disease and BP/lipids","","guidelines-sources/ADA/2025/4. Comprehensive Medical Evaluation and Assessment of Comorbidities Standards of Care in Diabetes2025.pdf","Adults with type 2 diabetes and MASLD are at increased cardiovascular risk; therefore, comprehensive management of cardiovascular risk factors is recommended."
"focused-review","5. Facilitating Positive Health Behaviors and Well-being to Improve Health Outcomes Standards of Care in Diabetes2025","5.16","C","5","Contraindications, warnings, and adverse effects","","guidelines-sources/ADA/2025/5. Facilitating Positive Health Behaviors and Well-being to Improve Health Outcomes Standards of Care in Diabetes2025.pdf","Health care professionals should inquire about intake of dietary supplements and counsel as necessary. Supplementation with micronutrients (e.g., vitamins and minerals, such as magnesium or chromium) or herbs or spices (e.g., cinnamon and aloe vera) for glycemic benefits is not recommended."
"focused-review","5. Facilitating Positive Health Behaviors and Well-being to Improve Health Outcomes Standards of Care in Diabetes2025","5.17","B","5","Contraindications, warnings, and adverse effects","","guidelines-sources/ADA/2025/5. Facilitating Positive Health Behaviors and Well-being to Improve Health Outcomes Standards of Care in Diabetes2025.pdf","Counsel against b-carotene supplementation, as there is evidence of harm for certain individuals and it confers no benefit. B Avoid excess alcohol intake 5.18 Advise adults with diabetes and those at risk for diabetes who consume alcohol to not exceed the recommended daily limits."
"focused-review","5. Facilitating Positive Health Behaviors and Well-being to Improve Health Outcomes Standards of Care in Diabetes2025","5.29","B","6","Cardiovascular disease and BP/lipids","","guidelines-sources/ADA/2025/5. Facilitating Positive Health Behaviors and Well-being to Improve Health Outcomes Standards of Care in Diabetes2025.pdf","People with diabetes and those at risk for diabetes are advised to incorporate more plant-based protein sources (e.g., nuts, seeds, and legumes) as part of an overall diverse eating pattern to reduce cardiovascular disease risk."
"focused-review","5. Facilitating Positive Health Behaviors and Well-being to Improve Health Outcomes Standards of Care in Diabetes2025","5.30","A","6","Cardiovascular disease and BP/lipids","","guidelines-sources/ADA/2025/5. Facilitating Positive Health Behaviors and Well-being to Improve Health Outcomes Standards of Care in Diabetes2025.pdf","Counsel people with diabetes to consider an eating plan emphasizing elements of a Mediterranean eating pattern, which is rich in monounsaturated and polyunsaturated fats and long-chain fatty acids such as fatty fish, nuts, and seeds, to reduce cardiovascular disease risk A and improve glucose metabolism. B Fats 5.31 Counsel people with diabetes and those at risk for diabetes to limit intake of foods high in saturated fat (e.g., red meat, full-fat dairy, butter, and coconut oil) to help reduce cardiovascular disease risk."
"focused-review","5. Facilitating Positive Health Behaviors and Well-being to Improve Health Outcomes Standards of Care in Diabetes2025","5.32","B","13","Contraindications, warnings, and adverse effects","","guidelines-sources/ADA/2025/5. Facilitating Positive Health Behaviors and Well-being to Improve Health Outcomes Standards of Care in Diabetes2025.pdf","Use the International Diabetes Federation along with Diabetes and Ramadan International Alliance comprehensive prefasting risk assessment to generate a risk score for the safety of religious fasting. Provide fastingfocused education to minimize risks."
"focused-review","5. Facilitating Positive Health Behaviors and Well-being to Improve Health Outcomes Standards of Care in Diabetes2025","5.38","C","15","Contraindications, warnings, and adverse effects","","guidelines-sources/ADA/2025/5. Facilitating Positive Health Behaviors and Well-being to Improve Health Outcomes Standards of Care in Diabetes2025.pdf","For all people with diabetes, evaluate baseline physical activity and time spent in sedentary behavior (i.e., quiet sitting, lying, and leaning). For people who do not meet activity guidelines, encourage an increase in physical activities (e.g., walking, yoga, housework, gardening, swimming, and dancing) above baseline. B Counsel that prolonged sitting should be interrupted at least every 30 min for blood glucose benefits."
"focused-review","5. Facilitating Positive Health Behaviors and Well-being to Improve Health Outcomes Standards of Care in Diabetes2025","5.42","A","19","Acute emergency risk","","guidelines-sources/ADA/2025/5. Facilitating Positive Health Behaviors and Well-being to Improve Health Outcomes Standards of Care in Diabetes2025.pdf","Advise people with type 1 diabetes C and those with other forms of diabetes at risk for diabetic ketoacidosis E not to use recreational cannabis in any form."
"focused-review","5. Facilitating Positive Health Behaviors and Well-being to Improve Health Outcomes Standards of Care in Diabetes2025","5.43","A","20","Contraindications, warnings, and adverse effects","","guidelines-sources/ADA/2025/5. Facilitating Positive Health Behaviors and Well-being to Improve Health Outcomes Standards of Care in Diabetes2025.pdf","Behavioral strategies should be used to support diabetes self-management and engagement in health behaviors (e.g., taking medications, using diabetes technologies, and engaging in physical activity and healthy eating) to promote optimal health-related quality of life and health outcomes."
"focused-review","6. Glycemic Goals and Hypoglycemia Standards of Care in Diabetes 2025","6.10","C","8","Acute emergency risk","","guidelines-sources/ADA/2025/6. Glycemic Goals and Hypoglycemia Standards of Care in Diabetes 2025.pdf","Review history of hypoglycemia at every clinical encounter for all individuals at risk for hypoglycemia, and evaluate hypoglycemic events as indicated."
"focused-review","6. Glycemic Goals and Hypoglycemia Standards of Care in Diabetes 2025","6.13","E","8","Acute emergency risk","","guidelines-sources/ADA/2025/6. Glycemic Goals and Hypoglycemia Standards of Care in Diabetes 2025.pdf","Clinicians should consider an individual’s risk for hypoglycemia (see Table 6.5) when selecting diabetes medications and glycemic goals."
"focused-review","6. Glycemic Goals and Hypoglycemia Standards of Care in Diabetes 2025","6.18","E","8","Acute emergency risk","","guidelines-sources/ADA/2025/6. Glycemic Goals and Hypoglycemia Standards of Care in Diabetes 2025.pdf","One or more episodes of level 2 or 3 hypoglycemia should prompt reevaluation of the treatment plan, including deintensifying or switching diabetes medications if appropriate."
"focused-review","6. Glycemic Goals and Hypoglycemia Standards of Care in Diabetes 2025","6.20","C","12","Acute emergency risk","","guidelines-sources/ADA/2025/6. Glycemic Goals and Hypoglycemia Standards of Care in Diabetes 2025.pdf","Review history of hyperglycemic crises (i.e., diabetic ketoacidosis and hyperglycemic hyperosmolar state) at every clinical encounter for all individuals with diabetes at risk for these events."
"focused-review","7. Diabetes Technology Standards of Care in Diabetes 2025","7.24","B","8","Insulin or high-risk glucose-lowering medication","","guidelines-sources/ADA/2025/7. Diabetes Technology Standards of Care in Diabetes 2025.pdf","Offer connected insulin pens for people with diabetes taking multiple daily insulin injections."
"focused-review","8. Obesity and Weight Management for the Prevention and Treatment of Type 2 Diabetes","8.5","B","2","Cardiovascular disease and BP/lipids","","guidelines-sources/ADA/2025/8. Obesity and Weight Management for the Prevention and Treatment of Type 2 Diabetes.pdf","Provide weight management treatment, aiming for any magnitude of weight loss. Weight loss of 3–7% of baseline weight improves glycemia and other intermediate cardiovascular risk factors. A Sustained loss of >10% of body weight usually confers greater benefits, including disease-modifying effects and possible remission of type 2 diabetes, and may improve long-term cardiovascular outcomes and mortality."
"focused-review","8. Obesity and Weight Management for the Prevention and Treatment of Type 2 Diabetes","8.13","A","3","Contraindications, warnings, and adverse effects","","guidelines-sources/ADA/2025/8. Obesity and Weight Management for the Prevention and Treatment of Type 2 Diabetes.pdf","Nutritional supplements have not been shown to be effective for weight loss and are not recommended."
"focused-review","8. Obesity and Weight Management for the Prevention and Treatment of Type 2 Diabetes Standards of Care in Diabetes 2025","8.5","B","2","Cardiovascular disease and BP/lipids","","guidelines-sources/ADA/2025/8. Obesity and Weight Management for the Prevention and Treatment of Type 2 Diabetes  Standards of Care in Diabetes 2025.pdf","Provide weight management treatment, aiming for any magnitude of weight loss. Weight loss of 3–7% of baseline weight improves glycemia and other intermediate cardiovascular risk factors. A Sustained loss of >10% of body weight usually confers greater benefits, including disease-modifying effects and possible remission of type 2 diabetes, and may improve long-term cardiovascular outcomes and mortality."
"focused-review","8. Obesity and Weight Management for the Prevention and Treatment of Type 2 Diabetes Standards of Care in Diabetes 2025","8.13","A","3","Contraindications, warnings, and adverse effects","","guidelines-sources/ADA/2025/8. Obesity and Weight Management for the Prevention and Treatment of Type 2 Diabetes  Standards of Care in Diabetes 2025.pdf","Nutritional supplements have not been shown to be effective for weight loss and are not recommended."
"focused-review","9. Pharmacologic Approaches to Glycemic Treatment","9.1","A","1","Insulin or high-risk glucose-lowering medication","","guidelines-sources/ADA/2025/9. Pharmacologic Approaches to Glycemic Treatment.pdf","Treat most adults with type 1 diabetes with continuous subcutaneous insulin infusion or multiple daily doses of prandial (injected or inhaled) and basal insulin."
"focused-review","9. Pharmacologic Approaches to Glycemic Treatment","9.6","E","1","Insulin or high-risk glucose-lowering medication","","guidelines-sources/ADA/2025/9. Pharmacologic Approaches to Glycemic Treatment.pdf","Insulin treatment plan and insulin-taking behavior should be reevaluated at regular intervals (e.g., every 3–6 months) and adjusted to incorporate specific factors that impact choice of treatment and ensure achievement of individualized glycemic goals."
"focused-review","9. Pharmacologic Approaches to Glycemic Treatment","9.15","B","7","Insulin or high-risk glucose-lowering medication","","guidelines-sources/ADA/2025/9. Pharmacologic Approaches to Glycemic Treatment.pdf","In adults with type 2 diabetes, metabolic dysfunction–associated steatotic liver disease (MASLD), and overweight or obesity, consider using a GLP-1 RA or a dual glucose-dependent insulinotropic polypeptide (GIP) and GLP-1 RA with potential benefits in metabolic dysfunction–associated steatohepatitis (MASH) for glycemic management and as an adjunctive to healthy interventions for weight loss."
"focused-review","9. Pharmacologic Approaches to Glycemic Treatment","9.16a","B","7","Insulin or high-risk glucose-lowering medication","","guidelines-sources/ADA/2025/9. Pharmacologic Approaches to Glycemic Treatment.pdf","In adults with type 2 diabetes and biopsy-proven MASH or those at high risk for liver fibrosis (based on noninvasive tests), pioglitazone, a GLP-1 RA, or a dual GIP and GLP-1 RA is preferred for glycemic management due to potential beneficial effects on MASH."
"focused-review","9. Pharmacologic Approaches to Glycemic Treatment","9.16b","B","8","Insulin or high-risk glucose-lowering medication","","guidelines-sources/ADA/2025/9. Pharmacologic Approaches to Glycemic Treatment.pdf","Combination therapy with pioglitazone plus a GLP-1 RA can be considered for the treatment of hyperglycemia in adults with type 2 diabetes with biopsy-proven MASH or those at high risk of liver fibrosis (identified with noninvasive tests) due to potential beneficial effects on MASH."
"focused-review","9. Pharmacologic Approaches to Glycemic Treatment","9.24","A","8","Insulin or high-risk glucose-lowering medication","","guidelines-sources/ADA/2025/9. Pharmacologic Approaches to Glycemic Treatment.pdf","In adults with type 2 diabetes and no evidence of insulin deficiency, a GLP-1 RA, including a dual GIP and GLP-1 RA, is preferred to insulin (Fig. 9.4)."
"focused-review","9. Pharmacologic Approaches to Glycemic Treatment","9.31a","E","17","Contraindications, warnings, and adverse effects","","guidelines-sources/ADA/2025/9. Pharmacologic Approaches to Glycemic Treatment.pdf","Use of compounded products that are not approved by the FDA is not recommended due to uncertainty about their content and resulting concerns about safety, quality, and effectiveness."
"focused-review","9. Pharmacologic Approaches to Glycemic Treatment","9.32a","C","17","Pregnancy and childbearing","","guidelines-sources/ADA/2025/9. Pharmacologic Approaches to Glycemic Treatment.pdf","Individuals with diabetes of childbearing potential should be counseled on contraception options A and the impact of some glucose-lowering medications on contraception efficacy."
"focused-review","10. Cardiovascular Disease and Risk Management","10.9","A","6","Cardiovascular disease and BP/lipids","","guidelines-sources/ADA/2025/10. Cardiovascular Disease and Risk Management.pdf","Treatment for hypertension should include drug classes demonstrated to reduce cardiovascular events in people with diabetes. A ACE inhibitors or angiotensin receptor blockers (ARBs) are recommended first-line therapy for hypertension in people with diabetes and coronary artery disease."
"focused-review","10. Cardiovascular Disease and Risk Management","10.11","B","6","Cardiovascular disease and BP/lipids","","guidelines-sources/ADA/2025/10. Cardiovascular Disease and Risk Management.pdf","An ACE inhibitor or ARB, at the maximum tolerated dose indicated for blood pressure treatment, is the recommended first-line treatment for hypertension in people with diabetes and urinary albumin-to-creatinine ratio ≥300 mg/g creatinine A or 30–299 mg/g creatinine. B If one class is not tolerated, the other should be substituted."
"focused-review","10. Cardiovascular Disease and Risk Management","10.14","A","8","Cardiovascular disease and BP/lipids","","guidelines-sources/ADA/2025/10. Cardiovascular Disease and Risk Management.pdf","Individuals with hypertension who are not meeting blood pressure goals on three classes of antihypertensive medications (including a diuretic) should be considered for MRA therapy."
"focused-review","10. Cardiovascular Disease and Risk Management","10.15","A","8","Cardiovascular disease and BP/lipids","","guidelines-sources/ADA/2025/10. Cardiovascular Disease and Risk Management.pdf","Lifestyle modification focusing on weight loss (if indicated); application of a Mediterranean or DASH eating pattern; reduction of saturated fat and trans fat; increase of dietary n-3 fatty acids, viscous fiber, and plant stanol and sterol intake; and increased physical activity should be recommended to improve the lipid profile and reduce the risk of developing atherosclerotic cardiovascular disease (ASCVD) in people with diabetes."
"focused-review","10. Cardiovascular Disease and Risk Management","10.17","E","8","Cardiovascular disease and BP/lipids","","guidelines-sources/ADA/2025/10. Cardiovascular Disease and Risk Management.pdf","In adults with prediabetes or diabetes not taking statins or other lipid-lowering therapy, it is reasonable to obtain a lipid profile at the time of diagnosis, at an initial medical evaluation, annually thereafter, or more frequently if indicated."
"focused-review","10. Cardiovascular Disease and Risk Management","10.18","A","8","Cardiovascular disease and BP/lipids","","guidelines-sources/ADA/2025/10. Cardiovascular Disease and Risk Management.pdf","Obtain a lipid profile at initiation of statins or other lipid-lowering therapy, 4–12 weeks after initiation or a change in dose, and annually thereafter, as it facilitates monitoring the response to therapy and informs medication-taking behavior."
"focused-review","10. Cardiovascular Disease and Risk Management","10.19","A","9","Cardiovascular disease and BP/lipids","","guidelines-sources/ADA/2025/10. Cardiovascular Disease and Risk Management.pdf","For people with diabetes aged 40–75 years without ASCVD, use moderate-intensity statin therapy in addition to lifestyle therapy."
"focused-review","10. Cardiovascular Disease and Risk Management","10.20","C","9","Cardiovascular disease and BP/lipids","","guidelines-sources/ADA/2025/10. Cardiovascular Disease and Risk Management.pdf","For people with diabetes aged 20–39 years with additional ASCVD risk factors, it may be reasonable to initiate statin therapy in addition to lifestyle therapy."
"focused-review","10. Cardiovascular Disease and Risk Management","10.23","B","9","Cardiovascular disease and BP/lipids","","guidelines-sources/ADA/2025/10. Cardiovascular Disease and Risk Management.pdf","In adults with diabetes aged >75 years already on statin therapy, it is reasonable to continue statin treatment."
"focused-review","10. Cardiovascular Disease and Risk Management","10.24","C","9","Cardiovascular disease and BP/lipids","","guidelines-sources/ADA/2025/10. Cardiovascular Disease and Risk Management.pdf","In adults with diabetes aged >75 years, it may be reasonable to initiate moderate-intensity statin therapy after discussion of potential benefits and risks."
"focused-review","10. Cardiovascular Disease and Risk Management","10.25","A","9","Cardiovascular disease and BP/lipids","","guidelines-sources/ADA/2025/10. Cardiovascular Disease and Risk Management.pdf","In people with diabetes intolerant to statin therapy, treatment with bempedoic acid is recommended to reduce cardiovascular event rates as an alternative cholesterol-lowering plan."
"focused-review","10. Cardiovascular Disease and Risk Management","10.27","A","9","Cardiovascular disease and BP/lipids","","guidelines-sources/ADA/2025/10. Cardiovascular Disease and Risk Management.pdf","For people of all ages with diabetes and ASCVD, high-intensity statin therapy should be added to lifestyle therapy."
"focused-review","10. Cardiovascular Disease and Risk Management","10.29b","E","9","Cardiovascular disease and BP/lipids","","guidelines-sources/ADA/2025/10. Cardiovascular Disease and Risk Management.pdf","For people with diabetes and ASCVD intolerant to statin therapy, PCSK9 inhibitor therapy with monoclonal antibody treatment,Abempedoic acid therapy,Aor PCSK9 inhibitor therapy with inclisiran siRNA"
"focused-review","10. Cardiovascular Disease and Risk Management","10.35","A","14","Cardiovascular disease and BP/lipids","","guidelines-sources/ADA/2025/10. Cardiovascular Disease and Risk Management.pdf","Use aspirin therapy (75–162 mg/day) as a secondary prevention strategy in those with diabetes and a history of ASCVD."
"focused-review","10. Cardiovascular Disease and Risk Management","10.36a","B","14","Cardiovascular disease and BP/lipids","","guidelines-sources/ADA/2025/10. Cardiovascular Disease and Risk Management.pdf","For individuals with ASCVD and documented aspirin allergy, clopidogrel (75 mg/day) should be used."
"focused-review","10. Cardiovascular Disease and Risk Management","10.38","A","14","Cardiovascular disease and BP/lipids","","guidelines-sources/ADA/2025/10. Cardiovascular Disease and Risk Management.pdf","Aspirin therapy (75–162 mg/day) may be considered as a primary prevention strategy in those with diabetes who are at increased cardiovascular risk after a comprehensive discussion with the individual on the benefits versus the comparable increased risk of bleeding."
"focused-review","10. Cardiovascular Disease and Risk Management","10.39b","E","16","Cardiovascular disease and BP/lipids","","guidelines-sources/ADA/2025/10. Cardiovascular Disease and Risk Management.pdf","Consider investigations for coronary artery disease in the presence of any of the following: signs or symptoms of cardiac or associated vascular disease, including carotid bruits, transient ischemic attack, stroke, claudication, or PAD; or electrocardiogram abnormalities (e.g., Q waves)."
"focused-review","10. Cardiovascular Disease and Risk Management","10.40b","A","16","Cardiovascular disease and BP/lipids","","guidelines-sources/ADA/2025/10. Cardiovascular Disease and Risk Management.pdf","In asymptomatic individuals with diabetes and abnormal natriuretic peptide levels, echocardiography is recommended to identify stage B heart failure."
"focused-review","10. Cardiovascular Disease and Risk Management","10.41","E","16","Cardiovascular disease and BP/lipids","","guidelines-sources/ADA/2025/10. Cardiovascular Disease and Risk Management.pdf","In asymptomatic individuals with diabetes and age ≥65 years, microvascular disease in any location, or foot complications or any end-organ damage from diabetes, screening for PAD with ankle-brachial index testing is recommended if a PAD diagnosis would change management. B In individuals with diabetes duration ≥10 years and high cardiovascular risk, screening for PAD should be considered."
"focused-review","10. Cardiovascular Disease and Risk Management","10.45","A","17","Cardiovascular disease and BP/lipids","","guidelines-sources/ADA/2025/10. Cardiovascular Disease and Risk Management.pdf","In individuals with diabetes with established ASCVD or aged ≥55 years with additional cardiovascular risk factors, ACE inhibitor or ARB therapy is recommended to reduce the risk of cardiovascular events and mortality."
"focused-review","10. Cardiovascular Disease and Risk Management","10.46a","A","17","Cardiovascular disease and BP/lipids","","guidelines-sources/ADA/2025/10. Cardiovascular Disease and Risk Management.pdf","In individuals with diabetes and asymptomatic stage B heart failure, an interprofessional approach to optimize guideline-directed medical therapy, which should include a cardiovascular disease specialist, is recommended to reduce the risk for progression to symptomatic (stage C) heart failure."
"focused-review","10. Cardiovascular Disease and Risk Management","10.46b","A","17","Cardiovascular disease and BP/lipids","","guidelines-sources/ADA/2025/10. Cardiovascular Disease and Risk Management.pdf","In individuals with diabetes and asymptomatic stage B heart failure, ACE inhibitors or ARBs and b-blockers are recommended to reduce the risk for progression to symptomatic (stage C) heart failure."
"focused-review","11. Chronic Kidney Disease and Risk Management","11.1a","B","1","CKD and renal dosing","","guidelines-sources/ADA/2025/11. Chronic Kidney Disease and Risk Management.pdf","Assess kidney function (i.e., spot urine albumin-to-creatinine ratio [UACR]) and estimated glomerular filtration rate [eGFR] in people with type 1 diabetes with duration of ≥5 years and in all people with type 2 diabetes regardless of treatment."
"focused-review","11. Chronic Kidney Disease and Risk Management","11.1b","B","1","CKD and renal dosing","","guidelines-sources/ADA/2025/11. Chronic Kidney Disease and Risk Management.pdf","In people with established chronic kidney disease (CKD), monitor urinary albumin (e.g., spot UACR) and eGFR 1–4 times per year depending on the stage of the kidney disease (Fig. 11.1)."
"focused-review","11. Chronic Kidney Disease and Risk Management","11.2","A","1","CKD and renal dosing","","guidelines-sources/ADA/2025/11. Chronic Kidney Disease and Risk Management.pdf","Optimize glucose management to reduce the risk or slow the progression of CKD (Fig. 9.3)."
"focused-review","11. Chronic Kidney Disease and Risk Management","11.6","B","2","Pregnancy and childbearing","","guidelines-sources/ADA/2025/11. Chronic Kidney Disease and Risk Management.pdf","Potentially harmful antihypertensive medications in pregnancy should be avoided in sexually active individuals of childbearing potential who are not using reliable contraception and, if used, should be switched prior to conception to antihypertensive medications considered safer during pregnancy."
"focused-review","11. Chronic Kidney Disease and Risk Management","11.8","B","2","CKD and renal dosing","","guidelines-sources/ADA/2025/11. Chronic Kidney Disease and Risk Management.pdf","For people with non–dialysisdependent stage G3 or higher CKD, protein intake should be 0.8 g/kg body weight per day, as for the general population. A For individuals on dialysis, protein intake of 1.0–1.2 g/kg/day should be considered since protein energy wasting is a major problem for some individuals on dialysis."
"focused-review","11. Chronic Kidney Disease and Risk Management","11.9","A","2","CKD and renal dosing","","guidelines-sources/ADA/2025/11. Chronic Kidney Disease and Risk Management.pdf","Individuals should be referred for evaluation by a nephrologist if they have continuously increasing urinary albumin levels and/or continuously decreasing eGFR and/or if the eGFR is <30 mL/min/1.73 m2 ."
"focused-review","11. Chronic Kidney Disease and Risk Management","11.10","B","3","CKD and renal dosing","","guidelines-sources/ADA/2025/11. Chronic Kidney Disease and Risk Management.pdf","Refer to a nephrologist for uncertainty about the etiology of kidney disease, difficult management issues, and rapidly progressing kidney disease."
"focused-review","12. Retinopathy, Neuropathy, and Foot Care","12.1","A","1","Contraindications, warnings, and adverse effects","","guidelines-sources/ADA/2025/12. Retinopathy, Neuropathy, and Foot Care.pdf","Implement strategies to help people with diabetes reach glycemic goals to reduce the risk or slow the progression of diabetic retinopathy."
"focused-review","12. Retinopathy, Neuropathy, and Foot Care","12.9","A","3","Contraindications, warnings, and adverse effects","","guidelines-sources/ADA/2025/12. Retinopathy, Neuropathy, and Foot Care.pdf","Promptly refer individuals with any level of diabetic macular edema, moderate or worse nonproliferative diabetic retinopathy (a precursor of proliferative diabetic retinopathy [PDR]), or any PDR to an ophthalmologist who is knowledgeable and experienced in the management of diabetic retinopathy."
"focused-review","12. Retinopathy, Neuropathy, and Foot Care","12.10","A","3","Contraindications, warnings, and adverse effects","","guidelines-sources/ADA/2025/12. Retinopathy, Neuropathy, and Foot Care.pdf","Panretinal laser photocoagulation therapy is indicated to reduce the risk of vision loss in individuals with high-risk PDR and, in some cases, severe nonproliferative diabetic retinopathy."
"focused-review","12. Retinopathy, Neuropathy, and Foot Care","12.16","E","4","Acute emergency risk","","guidelines-sources/ADA/2025/12. Retinopathy, Neuropathy, and Foot Care.pdf","People with vision loss from diabetes should receive educational materials and resources for eye care support in addition to self-management education (e.g., glycemic management and hypoglycemia awareness)."
"focused-review","12. Retinopathy, Neuropathy, and Foot Care","12.19","E","4","CKD and renal dosing","","guidelines-sources/ADA/2025/12. Retinopathy, Neuropathy, and Foot Care.pdf","Symptoms and signs of autonomic neuropathy should be assessed in people with diabetes starting at diagnosis of type 2 diabetes and 5 years after the diagnosis of type 1 diabetes, and at least annually thereafter, and with evidence of other microvascular complications, particularly kidney disease and diabetic peripheral neuropathy. Screening can include asking about orthostatic dizziness, syncope, early satiety, erectile dysfunction, changes in sweating patterns, or dry cracked skin in the extremities. Signs of autonomic neuropathy include orthostatic hypotension, a resting tachycardia, or evidence of peripheral dryness or cracking of skin."
"focused-review","12. Retinopathy, Neuropathy, and Foot Care","12.20","B","5","Cardiovascular disease and BP/lipids","","guidelines-sources/ADA/2025/12. Retinopathy, Neuropathy, and Foot Care.pdf","Optimize glucose management to prevent or delay the development of neuropathy in people with type 1 diabetes A and to slow the progression of neuropathy in people with type 2 diabetes. C Optimize weight, blood pressure, and serum lipid management to reduce the risk or slow the progression of diabetic neuropathy."
"focused-review","12. Retinopathy, Neuropathy, and Foot Care","12.21","E","5","Contraindications, warnings, and adverse effects","","guidelines-sources/ADA/2025/12. Retinopathy, Neuropathy, and Foot Care.pdf","Assess and treat pain related to diabetic peripheral neuropathy B and symptoms of autonomic neuropathy to improve quality of life."
"focused-review","12. Retinopathy, Neuropathy, and Foot Care","12.28","B","8","CKD and renal dosing","","guidelines-sources/ADA/2025/12. Retinopathy, Neuropathy, and Foot Care.pdf","An interprofessional approach facilitated by a podiatrist in conjunction with other appropriate team members is recommended for individuals with foot ulcers and high-risk feet (e.g., those on dialysis, those with Charcot foot, those with a history of prior ulcers or amputation, and those with PAD)."
"focused-review","14. Children and Adolescents","14.1","B","4","Children and adolescents","","guidelines-sources/ADA/2025/14. Children and Adolescents.pdf","Youth with type 1 diabetes and their parents or caregivers (for individuals aged <18 years) should receive culturally sensitive and developmentally appropriate individualized diabetes self-management education and support (DSMES) according to national standards at diagnosis and routinely thereafter."
"focused-review","14. Children and Adolescents","14.2","A","4","Children and adolescents","","guidelines-sources/ADA/2025/14. Children and Adolescents.pdf","Individualized medical nutrition therapy (MNT) is recommended for youth with type 1 diabetes as an essential component of the overall treatment plan."
"focused-review","14. Children and Adolescents","14.4","B","4","Children and adolescents","","guidelines-sources/ADA/2025/14. Children and Adolescents.pdf","Advise youth with type 1 diabetes and their caregivers to strive for an eating pattern emphasizing key nutrition principles (including nonstarchy vegetables, whole fruits, legumes, fish and other lean protein, whole grains, nuts and seeds, and low-fat dairy products, and minimize consumption of red meat, sugar-sweetened beverages, sweets, refined grains, and processed foods)."
"focused-review","14. Children and Adolescents","14.5","A","4","Insulin or high-risk glucose-lowering medication","","guidelines-sources/ADA/2025/14. Children and Adolescents.pdf","Meal composition impacts postprandial glucose excursions. Education on the impact of high-fat and high-protein meals and the adjustment of insulin dosing is necessary."
"focused-review","14. Children and Adolescents","14.6","E","4","Cardiovascular disease and BP/lipids","","guidelines-sources/ADA/2025/14. Children and Adolescents.pdf","Strongly advise comprehensive nutrition education at diagnosis, and at least annually as needed, by an experienced registered dietitian nutritionist to assess the eating pattern in relation to weight status, age-appropriate growth, and cardiovascular disease risk factors."
"focused-review","14. Children and Adolescents","14.9","C","5","Children and adolescents","","guidelines-sources/ADA/2025/14. Children and Adolescents.pdf","Youth and their parents or caregivers should receive education on goals and management of glycemia before, during, and after physical activity, individualized according to the type and intensity of the planned physical activity."
"focused-review","14. Children and Adolescents","14.12","E","5","Children and adolescents","","guidelines-sources/ADA/2025/14. Children and Adolescents.pdf","Behavioral health professionals should be considered integral members of the pediatric diabetes interprofessional team."
"focused-review","14. Children and Adolescents","14.13","A","5","Children and adolescents","","guidelines-sources/ADA/2025/14. Children and Adolescents.pdf","Encourage developmentally appropriate family involvement in diabetes management tasks for children and adolescents, recognizing that premature or unsupportive transfer of diabetes care responsibility to the youth can contribute to diabetes distress, lower engagement in diabetes selfmanagement behaviors, and deterioration in glycemia."
"focused-review","14. Children and Adolescents","14.16","E","6","Children and adolescents","","guidelines-sources/ADA/2025/14. Children and Adolescents.pdf","Offer adolescents time by themselves with their health care professional(s) at a developmentally appropriate age."
"focused-review","14. Children and Adolescents","14.29","B","8","Children and adolescents","","guidelines-sources/ADA/2025/14. Children and Adolescents.pdf","Consider testing children with type 1 diabetes for antithyroid peroxidase and antithyroglobulin antibodies soon after diagnosis."
"focused-review","14. Children and Adolescents","14.30","B","8","Children and adolescents","","guidelines-sources/ADA/2025/14. Children and Adolescents.pdf","Measure thyroid-stimulating hormone concentrations at diagnosis when clinically stable or soon after optimizing glycemia. If normal, suggest rechecking every 1–2 years or sooner if the youth has positive thyroid antibodies or develops symptoms or signs suggestive of thyroid dysfunction, thyromegaly, an abnormal growth rate, or unexplained glycemic variability."
"focused-review","14. Children and Adolescents","14.32","B","8","Children and adolescents","","guidelines-sources/ADA/2025/14. Children and Adolescents.pdf","Repeat screening for celiac disease within 2 years of diabetes diagnosis and then again after 5 years and consider more frequent screening in youth who have symptoms or a firstdegree relative with celiac disease."
"focused-review","14. Children and Adolescents","14.40","A","9","Contraindications, warnings, and adverse effects","","guidelines-sources/ADA/2025/14. Children and Adolescents.pdf","If lipids are abnormal, initial therapy should consist of optimizing glycemia and MNT to limit the amount of calories from fat to 25–30% and saturated fat to <7%, limit cholesterol to <200 mg/day, avoid trans fats, and aim for 10% calories from monounsaturated fats."
"focused-review","14. Children and Adolescents","14.45","B","10","Children and adolescents","","guidelines-sources/ADA/2025/14. Children and Adolescents.pdf","An initial dilated and comprehensive eye examination is recommended once youth have had type 1 diabetes for 3–5 years, provided they are aged ≥11 years or puberty has started, whichever is earlier."
"focused-review","14. Children and Adolescents","14.48","A","11","Children and adolescents","","guidelines-sources/ADA/2025/14. Children and Adolescents.pdf","Consider an annual comprehensive foot exam at the start of puberty or at age ≥10 years, whichever is earlier, once the youth has had type 1 diabetes for 5 years. The examination should include inspection, assessment of foot pulses, pinprick, and 10-g monofilament sensation tests, testing of vibration sensation using a 128-Hz tuning fork, and ankle reflex tests. B Diabetic neuropathy rarely occurs in prepubertal children or after only 1–2 years of diabetes (166), although data suggest a prevalence of distal peripheral neuropathy of 7% in 1,734 youth with type 1 diabetes and association with the presence of CVD risk factors (172,173)."
"focused-review","14. Children and Adolescents","14.52","A","11","Children and adolescents","","guidelines-sources/ADA/2025/14. Children and Adolescents.pdf","Children and adolescents with overweight or obesity in whom the diagnosis of type 2 diabetes is being considered should have a panel of pancreatic autoantibodies tested to exclude the possibility of autoimmune type 1 diabetes. B In recent years, incidence and prevalence of type 2 diabetes in adolescents have increased dramatically, especially in historically marginalized communities (185)."
"focused-review","14. Children and Adolescents","14.53","B","12","Children and adolescents","","guidelines-sources/ADA/2025/14. Children and Adolescents.pdf","All youth with type 2 diabetes and their families should receive comprehensive DSMES that is specific to youth with type 2 diabetes and is culturally appropriate."
"focused-review","14. Children and Adolescents","14.54","B","12","Children and adolescents","","guidelines-sources/ADA/2025/14. Children and Adolescents.pdf","Youth with overweight or obesity and type 2 diabetes and their families should be provided with developmentally and culturally appropriate comprehensive lifestyle programs that are integrated with diabetes management to achieve at least a 7–10% decrease in excess weight."
"focused-review","14. Children and Adolescents","14.55","E","12","Children and adolescents","","guidelines-sources/ADA/2025/14. Children and Adolescents.pdf","Given the necessity of longterm weight management for youth with type 2 diabetes, lifestyle intervention should be based on a chronic care model and offered in the context of diabetes care."
"focused-review","14. Children and Adolescents","14.57","B","12","Children and adolescents","","guidelines-sources/ADA/2025/14. Children and Adolescents.pdf","Nutrition for youth with prediabetes and type 2 diabetes, like for all children and adolescents, should focus on key nutrition principles (i.e., eat more nonstarchy vegetables, whole fruits, legumes, whole grains, nuts and seeds, and low-fat dairy products and eat less meat, sugarsweetened beverages, sweets, refined grains, and processed or ultraprocessed foods)."
"focused-review","14. Children and Adolescents","14.67","E","12","Children and adolescents","","guidelines-sources/ADA/2025/14. Children and Adolescents.pdf","When choosing glucose-lowering or other medications for youth with overweight or obesity and type 2 diabetes, consider medication-taking behavior and the medications’ effect on weight."
"focused-review","14. Children and Adolescents","14.77","E","15","CKD and renal dosing","","guidelines-sources/ADA/2025/14. Children and Adolescents.pdf","Estimated glomerular filtration rate (GFR) should be determined at the time of diagnosis and annually thereafter."
"focused-review","14. Children and Adolescents","14.81","C","15","Children and adolescents","","guidelines-sources/ADA/2025/14. Children and Adolescents.pdf","Youth with type 2 diabetes should be screened for the presence of neuropathy by foot examination at diagnosis and annually. The examination should include inspection, assessment of foot pulses, pinprick and 10-g monofilament sensation tests, testing of vibration sensation using a 128-Hz tuning fork, and ankle reflex tests."
"focused-review","14. Children and Adolescents","14.83","C","15","Contraindications, warnings, and adverse effects","","guidelines-sources/ADA/2025/14. Children and Adolescents.pdf","Screening for retinopathy should be performed by dilated fundoscopy at or soon after diagnosis and annually thereafter."
"focused-review","14. Children and Adolescents","14.84","B","15","Contraindications, warnings, and adverse effects","","guidelines-sources/ADA/2025/14. Children and Adolescents.pdf","Optimizing glycemia is recommended to decrease the risk or slow the progression of retinopathy."
"focused-review","14. Children and Adolescents","14.87","B","15","Children and adolescents","","guidelines-sources/ADA/2025/14. Children and Adolescents.pdf","Evaluation of youth with type 2 diabetes for metabolic dysfunction– associated steatotic liver disease (by measuring AST and ALT) should be done at diagnosis and annually thereafter."
"focused-review","14. Children and Adolescents","14.89","B","15","Children and adolescents","","guidelines-sources/ADA/2025/14. Children and Adolescents.pdf","Screening for symptoms of sleep apnea should be done at each visit, and referral to a pediatric sleep specialist for evaluation and a polysomnogram, if indicated, is recommended. Obstructive sleep apnea should be treated when documented."
"focused-review","14. Children and Adolescents","14.90","B","15","Children and adolescents","","guidelines-sources/ADA/2025/14. Children and Adolescents.pdf","Evaluate for polycystic ovary syndrome in female adolescents with type 2 diabetes, including laboratory studies, when indicated."
"focused-review","14. Children and Adolescents","14.91","E","15","Insulin or high-risk glucose-lowering medication","","guidelines-sources/ADA/2025/14. Children and Adolescents.pdf","Metformin, in addition to lifestyle modification, is likely to improve the menstrual cyclicity and hyperandrogenism in female individuals with type 2 diabetes."
"focused-review","14. Children and Adolescents","14.92","E","15","Cardiovascular disease and BP/lipids","","guidelines-sources/ADA/2025/14. Children and Adolescents.pdf","Intensive lifestyle interventions focusing on weight loss, dyslipidemia, hypertension, and dysglycemia are important to prevent overt macrovascular disease in early adulthood."
"focused-review","14. Children and Adolescents","14.93","B","15","Cardiovascular disease and BP/lipids","","guidelines-sources/ADA/2025/14. Children and Adolescents.pdf","Lipid screening should be performed initially after optimizing glycemia and annually thereafter."
"focused-review","14. Children and Adolescents","14.102","C","16","Children and adolescents","","guidelines-sources/ADA/2025/14. Children and Adolescents.pdf","Adolescents and young adults should be screened for tobacco or nicotine, electronic cigarettes, substance use, and alcohol use at diagnosis and regularly thereafter."
"focused-review","14. Children and Adolescents","14.105","E","16","Children and adolescents","","guidelines-sources/ADA/2025/14. Children and Adolescents.pdf","Advise all youth with diabetes not to use cannabis recreationally in any form."
"focused-review","14. Children and Adolescents","14.106","E","17","Children and adolescents","","guidelines-sources/ADA/2025/14. Children and Adolescents.pdf","Diabetes care teams should implement transition preparation programs for youth beginning in early adolescence and, at the latest, at least 1 year before the anticipated transfer from pediatric to adult health care."
"focused-review","14. Children and Adolescents","14.107","C","17","Children and adolescents","","guidelines-sources/ADA/2025/14. Children and Adolescents.pdf","Interprofessional adult and pediatric health care teams should provide support and resources for adolescents, young adults, and their families prior to and during the transfer process from pediatric to adult health care."
"focused-review","15. Management of Diabetes in Pregnancy","15.4","A","2","Pregnancy and childbearing","","guidelines-sources/ADA/2025/15. Management of Diabetes in Pregnancy.pdf","Individuals with a history of gestational diabetes mellitus (GDM) should seek preconception screening for diabetes and preconception care to identify and treat hyperglycemia and prevent congenital malformations. E Preconception counseling for pregnant people with preexisting type 1 or type 2 diabetes is highly effective in reducing the risk of congenital malformations and decreasing the risk of preterm delivery and admission to neonatal intensive care units. Preconception counseling is also associated with reductions in perinatal mortality and small-for-gestational-age birth weight (3)."
"focused-review","15. Management of Diabetes in Pregnancy","15.5","B","2","Pregnancy and childbearing","","guidelines-sources/ADA/2025/15. Management of Diabetes in Pregnancy.pdf","Individuals with preexisting diabetes who are planning a pregnancy should ideally begin receiving interprofessional care for preconception, which includes an endocrinology health care professional, maternal-fetal medicine specialist, registered dietitian nutritionist, and diabetes care and education specialist, when available."
"focused-review","15. Management of Diabetes in Pregnancy","15.6","B","2","Pregnancy and childbearing","","guidelines-sources/ADA/2025/15. Management of Diabetes in Pregnancy.pdf","In addition to focused attention on achieving glycemic goals, A standard preconception care should be augmented with extra focus on nutrition, physical activity, diabetes self-care education, and screening for diabetes comorbidities and complications."
"focused-review","15. Management of Diabetes in Pregnancy","15.15","A","6","Insulin or high-risk glucose-lowering medication","","guidelines-sources/ADA/2025/15. Management of Diabetes in Pregnancy.pdf","Lifestyle behavior change is an essential component of management of GDM and may suffice as treatment for many individuals. Insulin should be added if needed to achieve glycemic goals."
"focused-review","15. Management of Diabetes in Pregnancy","15.17","B","6","Insulin or high-risk glucose-lowering medication","","guidelines-sources/ADA/2025/15. Management of Diabetes in Pregnancy.pdf","Insulin should be used to manage type 1 diabetes in pregnancy A and is the preferred agent for the management of GDM A and type 2 diabetes in pregnancy."
"focused-review","15. Management of Diabetes in Pregnancy","15.25a","B","9","Pregnancy and childbearing","","guidelines-sources/ADA/2025/15. Management of Diabetes in Pregnancy.pdf","Potentially harmful medications in pregnancy (e.g., ACE inhibitors, angiotensin receptor blockers, mineralocorticoid receptor antagonists) should be stopped prior to conception and avoided in sexually active individuals of childbearing potential who are not using reliable contraception."
"focused-review","15. Management of Diabetes in Pregnancy","15.27","A","10","Pregnancy and childbearing","","guidelines-sources/ADA/2025/15. Management of Diabetes in Pregnancy.pdf","A contraceptive plan should be discussed and implemented with all people with diabetes of childbearing potential."
"focused-review","15. Management of Diabetes in Pregnancy","15.28","B","10","Pregnancy and childbearing","","guidelines-sources/ADA/2025/15. Management of Diabetes in Pregnancy.pdf","Breastfeeding efforts are recommended for all individuals with diabetes. A Breastfeeding is recommended for individuals with a history of GDM for multiple benefits, A including a reduced risk for type 2 diabetes later in life."
"focused-review","15. Management of Diabetes in Pregnancy","15.29","E","10","Pregnancy and childbearing","","guidelines-sources/ADA/2025/15. Management of Diabetes in Pregnancy.pdf","Postpartum care should include psychosocial assessment and support for self-care."
"focused-review","15. Management of Diabetes in Pregnancy","15.32","A","10","Insulin or high-risk glucose-lowering medication","","guidelines-sources/ADA/2025/15. Management of Diabetes in Pregnancy.pdf","Individuals with overweight or obesity and a history of GDM found to have prediabetes should receive intensive lifestyle interventions and/or metformin to prevent diabetes."
"focused-review","16. Diabetes Care in the Hospital","16.8b","A","4","Insulin or high-risk glucose-lowering medication","","guidelines-sources/ADA/2025/16. Diabetes Care in the Hospital.pdf","Basal insulin or a basal plus bolus correction insulin plan is the preferred treatment for noncritically ill hospitalized individuals with poor or no oral intake."
"focused-review","16. Diabetes Care in the Hospital","16.9","A","4","Insulin or high-risk glucose-lowering medication","","guidelines-sources/ADA/2025/16. Diabetes Care in the Hospital.pdf","An insulin plan with basal, prandial, and correction components is the preferred treatment for most noncritically ill hospitalized individuals with adequate nutritional intake."
"focused-review","16. Diabetes Care in the Hospital","16.15","B","8","Acute emergency risk","","guidelines-sources/ADA/2025/16. Diabetes Care in the Hospital.pdf","The discharge planning process should include education on the recognition, prevention, and management of DKA and/or HHS for all individuals affected by or at high risk for these events to prevent recurrence and readmission."
"critical-review","5. Facilitating Positive Health Behaviors and Well-being to Improve Health Outcomes Standards of Care in Diabetes2025","5.59","E","27","Older adults, frailty, and deintensification","missing-spaces","guidelines-sources/ADA/2025/5. Facilitating Positive Health Behaviors and Well-being to Improve Health Outcomes Standards of Care in Diabetes2025.pdf","If cognitive capacity changes or appears to be suboptimal for decisionmaking and/or behavioral self-management, referral for a formal assessment should be considered."
"critical-review","7. Diabetes Technology Standards of Care in Diabetes 2025","7.15","A","4","Procedures, surgery, technology, or devices","very-short","guidelines-sources/ADA/2025/7. Diabetes Technology Standards of Care in Diabetes 2025.pdf","Recommend real-time CGM (rtCGM)"
"critical-review","15. Management of Diabetes in Pregnancy","15.12","E","4","Procedures, surgery, technology, or devices","hyphenation-fragments","guidelines-sources/ADA/2025/15. Management of Diabetes in Pregnancy.pdf","CGM metrics may be used in combination with blood glucose monitoring to achieve optimal pre- and postprandial glycemic goals."
"focused-review","1. Improving Care and Promoting","1.1","B","1","Therapy substitution, access, or affordability","","guidelines-sources/ADA/2025/1. Improving Care and Promoting.pdf","Ensure treatment decisions are timely, rely on evidence-based guidelines, capture key elements within the social determinants of health, and are made collaboratively with people with or at risk for diabetes and caregivers based on individual preferences, prognoses, comorbidities, and informed financial considerations."
"focused-review","1. Improving Care and Promoting","1.2","A","1","Diagnosis, screening, or numeric thresholds","","guidelines-sources/ADA/2025/1. Improving Care and Promoting.pdf","Align approaches to diabetes management with evidence-based care models. These models emphasize person-centered team care, integrated longterm treatment approaches to diabetes and comorbidities, and ongoing collaborative communication and goal setting between all team members and with people with diabetes."
"focused-review","1. Improving Care and Promoting","1.7","B","6","Therapy substitution, access, or affordability","","guidelines-sources/ADA/2025/1. Improving Care and Promoting.pdf","During clinical encounters, assess for social determinants of health, including food insecurity, insecurity,financial barriers, health insurance and health care access, environmental and neighborhood factors, and social capital/social support,"
"focused-review","2. Diagnosis and Classification of DM","2.1a","B","1","Diagnosis, screening, or numeric thresholds","","guidelines-sources/ADA/2025/2. Diagnosis and Classification of DM.pdf","Diagnose diabetes based on A1C or plasma glucose criteria. Plasma glucose criteria include either the fasting plasma glucose (FPG), 2-h plasma glucose (2-h PG) during a 75-g oral glucose tolerance test (OGTT), or random glucose accompanied by classic hyperglycemic symptoms/crises (Table 2.1)."
"focused-review","2. Diagnosis and Classification of DM","2.2b","B","3","Diagnosis, screening, or numeric thresholds","","guidelines-sources/ADA/2025/2. Diagnosis and Classification of DM.pdf","Point-of-care A1C testing for diabetes screening and diagnosis should be restricted to devices approved for diagnosis by the U.S. Food and Drug Administration at Clinical Laboratory Improvement Amendments–certified laboratories that perform testing of moderate complexity or higher by trained personnel."
"focused-review","2. Diagnosis and Classification of DM","2.3","B","3","Diagnosis, screening, or numeric thresholds","","guidelines-sources/ADA/2025/2. Diagnosis and Classification of DM.pdf","Evaluate for the possibility of a problem or interference with either test when there is consistent and substantial discordance between blood glucose values and A1C test results."
"focused-review","2. Diagnosis and Classification of DM","2.5","E","4","Procedures, surgery, technology, or devices","","guidelines-sources/ADA/2025/2. Diagnosis and Classification of DM.pdf","Classify people with hyperglycemia into appropriate diagnostic categories to aid in personalized management."
"focused-review","2. Diagnosis and Classification of DM","2.12","B","8","Diagnosis, screening, or numeric thresholds","","guidelines-sources/ADA/2025/2. Diagnosis and Classification of DM.pdf","To screen for prediabetes and type 2 diabetes, FPG, 2-h PG during 75-g OGTT, and A1C are each appropriate (Table 2.1 and Table 2.2)."
"focused-review","2. Diagnosis and Classification of DM","2.13","E","8","Diagnosis, screening, or numeric thresholds","","guidelines-sources/ADA/2025/2. Diagnosis and Classification of DM.pdf","When using OGTT as a screening tool for prediabetes or diabetes, adequate carbohydrate intake (at least 150 g/day) should be assured for 3 days prior to testing.E"
"focused-review","2. Diagnosis and Classification of DM","2.15b","B","9","Diagnosis, screening, or numeric thresholds","","guidelines-sources/ADA/2025/2. Diagnosis and Classification of DM.pdf","In people who are prescribed second-generation antipsychotic medications, screen for prediabetes and diabetes at baseline and repeat 12– 16 weeks after medication initiation or sooner, if clinically indicated, and annually thereafter."
"focused-review","2. Diagnosis and Classification of DM","2.18","B","13","Diagnosis, screening, or numeric thresholds","","guidelines-sources/ADA/2025/2. Diagnosis and Classification of DM.pdf","Annual screening for cystic fibrosis–related diabetes (CFRD) with an OGTT should begin by age 10 years in all people with cystic fibrosis not previously diagnosed with CFRD."
"focused-review","2. Diagnosis and Classification of DM","2.22","B","14","Diagnosis, screening, or numeric thresholds","","guidelines-sources/ADA/2025/2. Diagnosis and Classification of DM.pdf","The OGTT is the preferred test to make a diagnosis of PTDM."
"focused-review","2. Diagnosis and Classification of DM","2.26c","B","16","Diagnosis, screening, or numeric thresholds","","guidelines-sources/ADA/2025/2. Diagnosis and Classification of DM.pdf","Screen for early abnormal glucose metabolism with dysglycemia using FPG 110–125 mg/dL (6.1– 6.9 mmol/L) or A1C 5.9–6.4% (41– 47 mmol/mol)."
"focused-review","2. Diagnosis and Classification of DM","2.27","A","16","Diagnosis, screening, or numeric thresholds","","guidelines-sources/ADA/2025/2. Diagnosis and Classification of DM.pdf","Screen for GDM at 24–28 weeks of gestation in pregnant individuals not previously found to have diabetes or high-risk abnormal glucose metabolism detected earlier in the current pregnancy."
"focused-review","3. Prevention or Delay of Diabetes and Associated Comorbidities Standards of Care in Diabetes—2025","3.2","E","1","Diagnosis, screening, or numeric thresholds","","guidelines-sources/ADA/2025/3. Prevention or Delay of Diabetes and Associated Comorbidities Standards of Care in Diabetes—2025.pdf","In people with presymptomatic type 1 diabetes, monitor for disease progression using A1C approximately every 6 months and 75-g oral glucose tolerance test (i.e., fasting and 2-h plasma glucose) annually; modify frequency of monitoring based on individual risk assessment based on age, number and type of autoantibodies, and glycemic metrics."
"focused-review","3. Prevention or Delay of Diabetes and Associated Comorbidities Standards of Care in Diabetes—2025","3.5","E","2","Therapy substitution, access, or affordability","","guidelines-sources/ADA/2025/3. Prevention or Delay of Diabetes and Associated Comorbidities Standards of Care in Diabetes—2025.pdf","Given the cost-effectiveness of lifestyle behavior modification programs for diabetes prevention, such diabetes prevention programs should be offered to adults at high riskof type 2 diabetes. A Diabetes prevention programs should be covered by third-party payors, and inconsistencies in access should be addressed."
"focused-review","4. Comprehensive Medical Evaluation and Assessment of Comorbidities Standards of Care in Diabetes2025","4.3","A","3","Therapy substitution, access, or affordability","","guidelines-sources/ADA/2025/4. Comprehensive Medical Evaluation and Assessment of Comorbidities Standards of Care in Diabetes2025.pdf","A complete medical evaluation should be performed at the initial visit and follow-up, as appropriate, to: • Confirm the diagnosis and classify diabetes. A • Assess glycemic status and previous treatment. A • Evaluate for diabetes complications, potential comorbid conditions, and overall health status. A • Identify care partners and support system. E • Assess social determinants of health and structural barriers to optimal health and health care. A • Review risk factor management in the person with diabetes. A • Begin engagement with the person with diabetes in the formulation of a care management plan including initial goals of care. A • Develop a plan for continuing care."
"focused-review","4. Comprehensive Medical Evaluation and Assessment of Comorbidities Standards of Care in Diabetes2025","4.6","B","5","Diagnosis, screening, or numeric thresholds","","guidelines-sources/ADA/2025/4. Comprehensive Medical Evaluation and Assessment of Comorbidities Standards of Care in Diabetes2025.pdf","Screen people with type 1 diabetes for autoimmune thyroid disease soon after diagnosis and thereafter at repeated intervals if clinically indicated."
"focused-review","4. Comprehensive Medical Evaluation and Assessment of Comorbidities Standards of Care in Diabetes2025","4.9","A","6","Older adults, frailty, and deintensification","","guidelines-sources/ADA/2025/4. Comprehensive Medical Evaluation and Assessment of Comorbidities Standards of Care in Diabetes2025.pdf","Monitor bone mineral density using dual-energy X-ray absorptiometry in older adults with diabetes (aged ≥65 years) and younger individuals with diabetes and multiple risk factors every 2–3 years (Table 4.4)."
"focused-review","4. Comprehensive Medical Evaluation and Assessment of Comorbidities Standards of Care in Diabetes2025","4.16","B","11","Procedures, surgery, technology, or devices","","guidelines-sources/ADA/2025/4. Comprehensive Medical Evaluation and Assessment of Comorbidities Standards of Care in Diabetes2025.pdf","Coordinate efforts between the medical and dental teams to appropriately adjust glucose-lowering medication and treatment plans prior to and in the post–dental procedure period as needed."
"focused-review","4. Comprehensive Medical Evaluation and Assessment of Comorbidities Standards of Care in Diabetes2025","4.18","B","13","Diagnosis, screening, or numeric thresholds","","guidelines-sources/ADA/2025/4. Comprehensive Medical Evaluation and Assessment of Comorbidities Standards of Care in Diabetes2025.pdf","In men with diabetes or prediabetes, inquire about sexual health (e.g., low libido and erectile dysfunction [ED]). If symptoms and/or signs of hypogonadism are detected (e.g., low libido, ED, and depression), screen with a morning serum total testosterone level."
"focused-review","4. Comprehensive Medical Evaluation and Assessment of Comorbidities Standards of Care in Diabetes2025","4.29","B","17","Therapy substitution, access, or affordability","","guidelines-sources/ADA/2025/4. Comprehensive Medical Evaluation and Assessment of Comorbidities Standards of Care in Diabetes2025.pdf","Treatment initiation and monitoring should be individualized and within the context of an interprofessional team that includes a gastroenterologist or hepatologist, consideration of individual preferences, and a careful shared-decision cost-benefit discussion."
"focused-review","5. Facilitating Positive Health Behaviors and Well-being to Improve Health Outcomes Standards of Care in Diabetes2025","5.2","E","1","Older adults, frailty, and deintensification","","guidelines-sources/ADA/2025/5. Facilitating Positive Health Behaviors and Well-being to Improve Health Outcomes Standards of Care in Diabetes2025.pdf","Provide DSMES at diagnosis, annually and/or when not meeting treatment goals, when complicating factors develop (e.g., medical, functional, and psychosocial), and when transitions in life and care occur."
"focused-review","5. Facilitating Positive Health Behaviors and Well-being to Improve Health Outcomes Standards of Care in Diabetes2025","5.4","E","2","Diagnosis, screening, or numeric thresholds","","guidelines-sources/ADA/2025/5. Facilitating Positive Health Behaviors and Well-being to Improve Health Outcomes Standards of Care in Diabetes2025.pdf","Screen for behavioral health concerns at the same critical times as evaluating the need for DSMES and refer to a qualified behavioral health professional if indicated to increase engagement in DSMES."
"focused-review","5. Facilitating Positive Health Behaviors and Well-being to Improve Health Outcomes Standards of Care in Diabetes2025","5.8","E","2","Therapy substitution, access, or affordability","","guidelines-sources/ADA/2025/5. Facilitating Positive Health Behaviors and Well-being to Improve Health Outcomes Standards of Care in Diabetes2025.pdf","Identify and address barriers to DSMES that exist at the payor, health system, clinic, health care professional, and individual levels."
"focused-review","5. Facilitating Positive Health Behaviors and Well-being to Improve Health Outcomes Standards of Care in Diabetes2025","5.11","A","5","Therapy substitution, access, or affordability","","guidelines-sources/ADA/2025/5. Facilitating Positive Health Behaviors and Well-being to Improve Health Outcomes Standards of Care in Diabetes2025.pdf","Because diabetes medical nutrition therapy can result in cost savings B and improved cardiometabolic outcomes, A medical nutrition therapy should be adequately reimbursed by insurance. E Promote energy balance 5.12 Provide weight management treatment based on nutrition, physical activity, and behavioral therapy for all people with overweight or obesity, aiming for at least 3–7% weight loss."
"focused-review","5. Facilitating Positive Health Behaviors and Well-being to Improve Health Outcomes Standards of Care in Diabetes2025","5.37","C","15","Older adults, frailty, and deintensification","","guidelines-sources/ADA/2025/5. Facilitating Positive Health Behaviors and Well-being to Improve Health Outcomes Standards of Care in Diabetes2025.pdf","Recommend flexibility training and balance training 2–3 times/ week for older adults with diabetes. Yoga and tai chi may be included based on individual preferences to increase flexibility, muscular strength, and balance."
"focused-review","5. Facilitating Positive Health Behaviors and Well-being to Improve Health Outcomes Standards of Care in Diabetes2025","5.51","B","25","Diagnosis, screening, or numeric thresholds","","guidelines-sources/ADA/2025/5. Facilitating Positive Health Behaviors and Well-being to Improve Health Outcomes Standards of Care in Diabetes2025.pdf","Conduct at least annual screening of depressive symptoms in all people with diabetes and more frequently among those with a history of depression. Use age-appropriate, validated depression screening measures, recognizing that further evaluation will be necessary for individuals who have a positive screen."
"focused-review","5. Facilitating Positive Health Behaviors and Well-being to Improve Health Outcomes Standards of Care in Diabetes2025","5.54","B","26","Diagnosis, screening, or numeric thresholds","","guidelines-sources/ADA/2025/5. Facilitating Positive Health Behaviors and Well-being to Improve Health Outcomes Standards of Care in Diabetes2025.pdf","Screen for disordered or disrupted eating using validated screening measures. In addition, a review of the medical treatment plan is recommended to identify potential treatment-related effects on hunger/caloric intake."
"focused-review","6. Glycemic Goals and Hypoglycemia Standards of Care in Diabetes 2025","6.9","A","3","Diagnosis, screening, or numeric thresholds","","guidelines-sources/ADA/2025/6. Glycemic Goals and Hypoglycemia Standards of Care in Diabetes 2025.pdf","Set a glycemic goal during consultations to improve outcomes."
"focused-review","7. Diabetes Technology Standards of Care in Diabetes 2025","7.2","A","1","Procedures, surgery, technology, or devices","","guidelines-sources/ADA/2025/7. Diabetes Technology Standards of Care in Diabetes 2025.pdf","Initiation of continuous glucose monitoring (CGM) should be offered to people with type 1 diabetes early in the disease, even at time of diagnosis."
"focused-review","7. Diabetes Technology Standards of Care in Diabetes 2025","7.4","C","1","Procedures, surgery, technology, or devices","","guidelines-sources/ADA/2025/7. Diabetes Technology Standards of Care in Diabetes 2025.pdf","When prescribing a device, ensure that people with diabetes and caregivers receive initial and ongoing education and training, either in person or remotely, and ongoing evaluation of technique, results, and the ability to utilize data, including uploading or sharing data (if applicable), to monitor and adjust therapy."
"focused-review","7. Diabetes Technology Standards of Care in Diabetes 2025","7.10","A","2","Procedures, surgery, technology, or devices","","guidelines-sources/ADA/2025/7. Diabetes Technology Standards of Care in Diabetes 2025.pdf","People with diabetes should be providedwithbloodglucosemonitoring (BGM) devices as indicated by their circumstances, preferences, and treatment. People using CGM devices must also have accesstoBGM atall times."
"focused-review","7. Diabetes Technology Standards of Care in Diabetes 2025","7.16","B","4","Procedures, surgery, technology, or devices","","guidelines-sources/ADA/2025/7. Diabetes Technology Standards of Care in Diabetes 2025.pdf","Consider using rtCGM and isCGM in adults with type 2 diabetes treated with glucose-lowering medications other thaninsulintoachieveandmaintainindividualized glycemic goals. The choice of device should be made based on the individual’s circumstances, preferences, and needs."
"focused-review","7. Diabetes Technology Standards of Care in Diabetes 2025","7.19","C","4","Procedures, surgery, technology, or devices","","guidelines-sources/ADA/2025/7. Diabetes Technology Standards of Care in Diabetes 2025.pdf","In circumstances when consistent use of CGM is not feasible, consider periodic use of personal or professional CGM to adjust medication and/or lifestyle."
"focused-review","7. Diabetes Technology Standards of Care in Diabetes 2025","7.20","E","4","Procedures, surgery, technology, or devices","","guidelines-sources/ADA/2025/7. Diabetes Technology Standards of Care in Diabetes 2025.pdf","Skin reactions, either due to irritation or allergy, should be assessed and addressed to aid in successful use of devices."
"focused-review","7. Diabetes Technology Standards of Care in Diabetes 2025","7.21","C","4","Procedures, surgery, technology, or devices","","guidelines-sources/ADA/2025/7. Diabetes Technology Standards of Care in Diabetes 2025.pdf","People who wear CGM devices should be educated on potential interfering substances and other factors that may affect accuracy."
"focused-review","7. Diabetes Technology Standards of Care in Diabetes 2025","7.28","E","9","Therapy substitution, access, or affordability","","guidelines-sources/ADA/2025/7. Diabetes Technology Standards of Care in Diabetes 2025.pdf","Individuals with diabetes who have been using CSII should have continued access acrossthird-party payors."
"focused-review","8. Obesity and Weight Management for the Prevention and Treatment of Type 2 Diabetes","8.4","A","2","Diagnosis, screening, or numeric thresholds","","guidelines-sources/ADA/2025/8. Obesity and Weight Management for the Prevention and Treatment of Type 2 Diabetes.pdf","In people with type 2 diabetes and overweight or obesity, weight management should represent a primary goal of treatment along with glycemic management."
"focused-review","8. Obesity and Weight Management for the Prevention and Treatment of Type 2 Diabetes","8.8b","E","3","Therapy substitution, access, or affordability","","guidelines-sources/ADA/2025/8. Obesity and Weight Management for the Prevention and Treatment of Type 2 Diabetes.pdf","If access to such interventions is limited, consider alternative structured programs delivering behavioral counseling (face-to-face or remote)."
"focused-review","8. Obesity and Weight Management for the Prevention and Treatment of Type 2 Diabetes","8.10","C","3","Therapy substitution, access, or affordability","","guidelines-sources/ADA/2025/8. Obesity and Weight Management for the Prevention and Treatment of Type 2 Diabetes.pdf","When developing a plan of care, consider systemic, structural, cultural, and socioeconomic factors that may impact nutrition patterns and food choices, such as food insecurity and hunger, access to healthful food options, and other social determinants of health."
"focused-review","8. Obesity and Weight Management for the Prevention and Treatment of Type 2 Diabetes","8.20","A","4","Procedures, surgery, technology, or devices","","guidelines-sources/ADA/2025/8. Obesity and Weight Management for the Prevention and Treatment of Type 2 Diabetes.pdf","For those not reaching treatment goals, reevaluate weight management therapies and intensify treatment with additional approaches (e.g., metabolic surgery, additional pharmacologic agents, and structured lifestyle management programs)."
"focused-review","8. Obesity and Weight Management for the Prevention and Treatment of Type 2 Diabetes","8.21","A","9","Procedures, surgery, technology, or devices","","guidelines-sources/ADA/2025/8. Obesity and Weight Management for the Prevention and Treatment of Type 2 Diabetes.pdf","Consider metabolic surgery as a weight and glycemic management approach in people with diabetes with BMI ≥30.0 kg/m2 (or ≥27.5 kg/m2 in Asian American individuals) who are otherwise good surgical candidates."
"focused-review","8. Obesity and Weight Management for the Prevention and Treatment of Type 2 Diabetes","8.23","B","9","Procedures, surgery, technology, or devices","","guidelines-sources/ADA/2025/8. Obesity and Weight Management for the Prevention and Treatment of Type 2 Diabetes.pdf","People being considered for metabolic surgery should be evaluated for comorbid psychological conditions and social and situational circumstances that have the potential to interfere with surgery outcomes."
"focused-review","8. Obesity and Weight Management for the Prevention and Treatment of Type 2 Diabetes","8.24","B","9","Procedures, surgery, technology, or devices","","guidelines-sources/ADA/2025/8. Obesity and Weight Management for the Prevention and Treatment of Type 2 Diabetes.pdf","People who undergo metabolic surgery should receive long-term medical and behavioral support and routine micronutrient, nutritional, and metabolic status monitoring."
"focused-review","8. Obesity and Weight Management for the Prevention and Treatment of Type 2 Diabetes Standards of Care in Diabetes 2025","8.4","A","2","Diagnosis, screening, or numeric thresholds","","guidelines-sources/ADA/2025/8. Obesity and Weight Management for the Prevention and Treatment of Type 2 Diabetes  Standards of Care in Diabetes 2025.pdf","In people with type 2 diabetes and overweight or obesity, weight management should represent a primary goal of treatment along with glycemic management."
"focused-review","8. Obesity and Weight Management for the Prevention and Treatment of Type 2 Diabetes Standards of Care in Diabetes 2025","8.8b","E","3","Therapy substitution, access, or affordability","","guidelines-sources/ADA/2025/8. Obesity and Weight Management for the Prevention and Treatment of Type 2 Diabetes  Standards of Care in Diabetes 2025.pdf","If access to such interventions is limited, consider alternative structured programs delivering behavioral counseling (face-to-face or remote)."
"focused-review","8. Obesity and Weight Management for the Prevention and Treatment of Type 2 Diabetes Standards of Care in Diabetes 2025","8.10","C","3","Therapy substitution, access, or affordability","","guidelines-sources/ADA/2025/8. Obesity and Weight Management for the Prevention and Treatment of Type 2 Diabetes  Standards of Care in Diabetes 2025.pdf","When developing a plan of care, consider systemic, structural, cultural, and socioeconomic factors that may impact nutrition patterns and food choices, such as food insecurity and hunger, access to healthful food options, and other social determinants of health."
"focused-review","8. Obesity and Weight Management for the Prevention and Treatment of Type 2 Diabetes Standards of Care in Diabetes 2025","8.20","A","4","Procedures, surgery, technology, or devices","","guidelines-sources/ADA/2025/8. Obesity and Weight Management for the Prevention and Treatment of Type 2 Diabetes  Standards of Care in Diabetes 2025.pdf","For those not reaching treatment goals, reevaluate weight management therapies and intensify treatment with additional approaches (e.g., metabolic surgery, additional pharmacologic agents, and structured lifestyle management programs)."
"focused-review","8. Obesity and Weight Management for the Prevention and Treatment of Type 2 Diabetes Standards of Care in Diabetes 2025","8.21","A","9","Procedures, surgery, technology, or devices","","guidelines-sources/ADA/2025/8. Obesity and Weight Management for the Prevention and Treatment of Type 2 Diabetes  Standards of Care in Diabetes 2025.pdf","Consider metabolic surgery as a weight and glycemic management approach in people with diabetes with BMI ≥30.0 kg/m2 (or ≥27.5 kg/m2 in Asian American individuals) who are otherwise good surgical candidates."
"focused-review","8. Obesity and Weight Management for the Prevention and Treatment of Type 2 Diabetes Standards of Care in Diabetes 2025","8.23","B","9","Procedures, surgery, technology, or devices","","guidelines-sources/ADA/2025/8. Obesity and Weight Management for the Prevention and Treatment of Type 2 Diabetes  Standards of Care in Diabetes 2025.pdf","People being considered for metabolic surgery should be evaluated for comorbid psychological conditions and social and situational circumstances that have the potential to interfere with surgery outcomes."
"focused-review","8. Obesity and Weight Management for the Prevention and Treatment of Type 2 Diabetes Standards of Care in Diabetes 2025","8.24","B","9","Procedures, surgery, technology, or devices","","guidelines-sources/ADA/2025/8. Obesity and Weight Management for the Prevention and Treatment of Type 2 Diabetes  Standards of Care in Diabetes 2025.pdf","People who undergo metabolic surgery should receive long-term medical and behavioral support and routine micronutrient, nutritional, and metabolic status monitoring."
"focused-review","9. Pharmacologic Approaches to Glycemic Treatment","9.18","A","8","Older adults, frailty, and deintensification","","guidelines-sources/ADA/2025/9. Pharmacologic Approaches to Glycemic Treatment.pdf","Treatment modification (intensification or deintensification) for adults not meeting individualized treatment goals should not be delayed."
"focused-review","9. Pharmacologic Approaches to Glycemic Treatment","9.22","A","8","Procedures, surgery, technology, or devices","","guidelines-sources/ADA/2025/9. Pharmacologic Approaches to Glycemic Treatment.pdf","In adults with type 2 diabetes who have not achieved their individualized weight goals, additional weight management interventions (e.g., intensification of lifestyle modifications, structured weight management programs, pharmacologic agents, or metabolic surgery, as appropriate) are recommended."
"focused-review","9. Pharmacologic Approaches to Glycemic Treatment","9.29","E","16","Therapy substitution, access, or affordability","","guidelines-sources/ADA/2025/9. Pharmacologic Approaches to Glycemic Treatment.pdf","Routinely assess all people with diabetes for financial obstacles that could impede their diabetes management. Clinicians, members of the diabetes care team, and social services professionals should work collaboratively, as appropriate and feasible, to support these individuals by implementing strategies to reduce costs, thereby improving their access to evidence-based care."
"focused-review","10. Cardiovascular Disease and Risk Management","10.16","C","8","Diagnosis, screening, or numeric thresholds","","guidelines-sources/ADA/2025/10. Cardiovascular Disease and Risk Management.pdf","Intensify lifestyle therapy and optimize glycemic management for people with diabetes with elevated triglyceride levels (≥150 mg/dL [≥1.7 mmol/L]) and/or low HDL cholesterol (<40 mg/dL [<1.0 mmol/L] for men and <50 mg/dL [<1.3 mmol/L] for women)."
"focused-review","12. Retinopathy, Neuropathy, and Foot Care","12.15","E","4","Therapy substitution, access, or affordability","","guidelines-sources/ADA/2025/12. Retinopathy, Neuropathy, and Foot Care.pdf","People who experience vision loss from diabetes should be counseled on the availability and scope of vision rehabilitation care and provided, or referred for, a comprehensive evaluation of their visual impairment by a practitioner experienced in vision rehabilitation."
"focused-review","13. Older Adults","13.1","B","1","Older adults, frailty, and deintensification","","guidelines-sources/ADA/2025/13. Older Adults.pdf","Assess the medical, psychological, functional (self-management abilities), and social domains in older adults with diabetes to provide a framework to determine goals and therapeutic approaches for diabetes management."
"focused-review","13. Older Adults","13.12","B","7","Older adults, frailty, and deintensification","","guidelines-sources/ADA/2025/13. Older Adults.pdf","Recommend healthful eating with adequate protein intake for older adults with diabetes. Recommend regular exercise, including aerobic activity, weight-bearing exercise, and/or resistance training as tolerated in those who can safely engage in such activities."
"focused-review","13. Older Adults","13.15","B","7","Older adults, frailty, and deintensification","","guidelines-sources/ADA/2025/13. Older Adults.pdf","Overtreatment of diabetes is common in older adults and should be avoided."
"focused-review","13. Older Adults","13.16b","E","7","Older adults, frailty, and deintensification","","guidelines-sources/ADA/2025/13. Older Adults.pdf","In older adults with diabetes, deintensify diabetes medications for individuals for whom the harms and/or burdens of treatment may be greater than the benefits, within individualized glycemic goals."
"focused-review","13. Older Adults","13.17","B","7","Therapy substitution, access, or affordability","","guidelines-sources/ADA/2025/13. Older Adults.pdf","Consider costs of care and coverage when developing treatment plans in order to reduce risk of costrelated barriers to medication taking and self-management behaviors."
"focused-review","14. Children and Adolescents","14.19","C","7","Procedures, surgery, technology, or devices","","guidelines-sources/ADA/2025/14. Children and Adolescents.pdf","Real-time CGM A or intermittently scanned CGM"
"focused-review","14. Children and Adolescents","14.46","B","10","Diagnosis, screening, or numeric thresholds","","guidelines-sources/ADA/2025/14. Children and Adolescents.pdf","After the initial examination, repeat dilated and comprehensive eye examination every 2 years. Less frequent examinations, every 4 years, may be acceptable on the advice of an eye care professional and based on risk factor assessment, including a history of A1C <8% (<64 mmol/mol)."
"focused-review","15. Management of Diabetes in Pregnancy","15.8","B","4","Diagnosis, screening, or numeric thresholds","","guidelines-sources/ADA/2025/15. Management of Diabetes in Pregnancy.pdf","Fasting, preprandial, and postprandial blood glucose monitoring are recommended in individuals with diabetes in pregnancy to achieve optimal glucose levels. Glucose goals are fasting plasma glucose <95 mg/dL (<5.3 mmol/L) and either 1-h postprandial glucose <140 mg/dL (<7.8 mmol/L) or 2-h postprandial glucose <120 mg/dL (<6.7 mmol/L)."
"focused-review","15. Management of Diabetes in Pregnancy","15.13","C","4","Diagnosis, screening, or numeric thresholds","","guidelines-sources/ADA/2025/15. Management of Diabetes in Pregnancy.pdf","Commonly used estimated A1C and glucose management indicator calculations should not be used in pregnancy as estimates of A1C."
"focused-review","15. Management of Diabetes in Pregnancy","15.16","A","6","Procedures, surgery, technology, or devices","","guidelines-sources/ADA/2025/15. Management of Diabetes in Pregnancy.pdf","Telehealth visits used in combination with in-person visits for pregnant people with GDM can improve outcomes compared with standard inperson care alone."
"focused-review","15. Management of Diabetes in Pregnancy","15.20","B","6","Procedures, surgery, technology, or devices","","guidelines-sources/ADA/2025/15. Management of Diabetes in Pregnancy.pdf","AID systems without pregnancyspecific glucose targets or a pregnancyspecific algorithm may be considered for select pregnant individuals with type 1 diabetes when used with assistive techniques and working with experienced health care teams."
"focused-review","16. Diabetes Care in the Hospital","16.1","B","1","Diagnosis, screening, or numeric thresholds","","guidelines-sources/ADA/2025/16. Diabetes Care in the Hospital.pdf","Perform an A1C test on all people with diabetes or hyperglycemia (random blood glucose >140 mg/dL [>7.8 mmol/L]) admitted to the hospital if no A1C test result is available from the prior 3 months."
"critical-review","9. Pharmacologic Approaches to Glycemic Treatment","9.17","E","8","","missing-spaces","guidelines-sources/ADA/2025/9. Pharmacologic Approaches to Glycemic Treatment.pdf","Medication plan and medicationtaking behavior should be reevaluated at regular intervals (e.g., every 3–6 months) and adjusted as needed to incorporate specific factors that impact choice of treatment (Fig. 4.1 and Table 9.2)."
